s,0.25
s,0.26
s,0.27
ls_bus,0.68
ls_bus,0.74
ls_bus,0.8
feederhead,0.68
feederhead,0.74
feederhead,0.8
b12541,1.65
b13552,1.65
b41868,1.67
b41868,2.31
b41869,1.67
b41869,2.31
b4609,1.9
b4609,1.42
b4609,1.88
b34986,1.9
g43132,1.15
g43133,1.15
b18915,1.55
b18915,2.13
b18915,2.22
b18916,1.55
b18916,2.13
b18916,2.22
b4833,1.54
b4833,1.98
b4833,2.02
5862128364,1.54
5862128364,1.98
5862128364,2.02
b4787,1.44
b4787,1.87
b4787,1.9
b4784,1.44
b4784,1.87
b4784,1.9
b45833,2.03
b45835,2.03
5925528209,1.15
5925528209a,1.15
6084829720,1.65
b50640,1.65
b4806,1.44
b4806,1.87
b4806,1.9
b4805,1.44
b4805,1.87
b4805,1.9
b4711,1.42
b4711,1.88
b4711,1.91
b4710,1.42
b4710,1.88
b4710,1.91
b56675,2.33
b56678,2.33
b4861,1.43
b4861,1.85
b4861,1.88
b4859,1.44
b4859,1.86
b4859,1.89
b10374,0.92
b41240,0.92
b55545,2.32
b55546,2.32
b18978,2.34
b18979,2.34
b4987,1.07
b4987,1.3
b4987,1.36
b4982,1.09
b4982,1.34
b4982,1.4
b18901,1.55
b18901,2.11
b18901,2.19
b18902,1.55
b18902,2.11
b18902,2.19
b2526,0.92
b2526,1.08
b2526,1.15
b2532,0.92
b2532,1.08
b2532,1.15
b60890,2.33
b60891,2.33
b47667,1.44
b47667,1.87
b47667,1.9
b47668,1.44
b47668,1.87
b47668,1.9
b41462,1.96
b57845,1.96
b4896,1.31
b4896,1.68
b4896,1.72
b4891,1.33
b4891,1.7
b4891,1.74
b18856,1.55
b18856,2.03
b18856,2.09
b18858,1.55
b18858,2.04
b18858,2.09
b19064,1.43
b19064,1.9
b33451,1.43
b33451,1.9
b60403,2.19
b61746,2.19
b56663,2.33
b56664,2.33
b39817,2.31
b39819,2.31
b16708,1.92
5851228580,1.92
b18969,2.33
b18971,2.33
g42392,2.6
5918528239,2.6
b19004,2.35
b8019,2.35
b2648,1.15
b31756,1.15
b60842,1.91
b60843,1.91
b18997,2.35
6095529388,2.35
b26169,1.96
b44432,1.96
b52582,2.33
b52584,2.33
b24504,1.95
b41463,1.96
5906628649,2.03
5905728658,2.03
b15845,1.91
b24227,1.91
b18882,1.55
b18882,2.08
b18882,2.15
b18884,1.55
b18884,2.08
b18884,2.15
b13932,1.91
b15821,1.91
b4888,1.34
b4888,1.72
b4888,1.76
b388,1.34
b388,1.72
b388,1.76
b18936,1.56
b18936,2.18
b18936,2.28
b18938,1.56
b18938,2.18
b18938,2.29
b19046,1.44
b19046,1.87
b19046,1.9
b47665,1.44
b47665,1.87
b47665,1.9
b60928,1.15
b61248,1.15
b18849,1.55
b18849,2.02
b18849,2.07
b18850,1.55
b18850,2.02
b18850,2.07
b4963,1.19
b4963,1.48
b4963,1.54
b4962,1.19
b4962,1.49
b4962,1.55
b18865reg,1.55
b18865reg,2.05
b18865reg,2.11
b18866,1.55
b18866,2.05
b18866,2.11
b19018,2.25
b19018,1.63
6060229368,2.25
b46976,1.67
b52162,1.67
g43336,1.62
g43337,1.62
b4579,1.42
b4579,1.88
b4579,1.91
b66283,1.42
b66283,1.88
b66283,1.91
b18976,2.34
b18977,2.34
b18837,1.54
b18837,2
b18837,2.04
b18839,1.54
b18839,2
b18839,2.05
b46250,1.92
b46251,1.92
b18926,2.25
b18926,1.56
b18926,2.15
b60755,2.25
b19040,1.44
b19040,1.87
b19040,1.9
b19042,1.44
b19042,1.87
b19042,1.9
b18924,1.55
b18924,2.15
b18924,2.24
b18925,1.55
b18925,2.15
b18925,2.24
b22561,0.92
b22569,0.92
b4591,1.42
b4591,1.88
b4591,1.91
b4588,1.42
b4588,1.88
b4588,1.91
b23879,1.94
b23880,1.94
b9952,1.88
b9952,1.92
b3066,1.88
b3066,1.92
b60407,2.19
b60404,2.19
b13630,0.82
b13630,0.93
b13630,1
b5199,0.83
b5199,0.94
b5199,1.01
b63363,2.32
b63365,2.32
b26202,1.96
b26203,1.97
b4824,1.49
b4824,1.93
b4824,1.96
b18823,1.49
b18823,1.93
b18823,1.96
b61253,2.29
b23868,1.92
b23869,1.92
b2547,0.92
b2547,1.15
b2547,1.08
b56446,0.92
6039329105,2.32
6040429119,2.32
b43427,1.67
b43427,2.32
b43429,1.67
b43429,2.32
b19181,1.43
b19181,1.87
b19181,1.9
b19183,1.43
b19183,1.87
b19183,1.9
g36581,1.15
5992128369,1.15
b18982,2.34
b18986,2.34
b8594,1.43
b8594,1.88
b8594,1.9
b13651,1.43
b13651,1.88
b13651,1.9
6031828869,2.31
6034528885,2.31
6034628876,2.31
b37083,1.43
b37083,1.87
b37083,1.9
b62634,1.43
b3065,1.89
b3065,1.92
b17575,1.89
b17575,1.92
b10925,1.91
b23405,0.92
b23406,0.92
b4598,1.42
b4598,1.88
b4598,1.91
b4594,1.42
b4594,1.88
b4594,1.91
b52160,2.27
6018228840,2.27
5938028173,1.15
5934528183,1.15
b5186,0.9
b5186,1.05
b5186,1.12
b5185,0.91
b5185,1.06
b5185,1.12
b48179,2.31
b48180,2.31
b18911,1.55
b18911,2.12
b18911,2.21
5985928722,1.55
g35572,1.42
g35572,1.88
g35572,1.91
g35573,1.42
g35573,1.88
g35573,1.91
b10227,1.42
b10227,1.87
b4867,1.42
b4867,1.87
b59582,2.31
g33465,2.19
g33468,2.19
b50641,1.65
b42556,2.19
b51327,2.19
b16709,1.92
b56679,2.33
b4862,1.43
b4862,1.84
b4862,1.88
b18921,1.55
b18921,2.14
b18921,2.23
6000828811,1.55
6000828811,2.14
6000828811,2.23
b18989,2.35
b18995,2.35
b39822,2.31
b55822,2.31
g42393,2.6
g42394,2.6
b36181,1.15
b36183,1.15
b61236,1.63
b62294,1.63
g35318,2.33
g35320,2.33
b61012,2.6
b61013,2.6
5863228358,1.54
5863228358,1.98
5863228358,2.02
5864528351,1.55
5864528351,1.99
5864528351,2.03
b41874,1.67
b41874,2.32
b41876,1.67
b41876,2.32
b12328,1.64
g40623,1.64
b24157,1.55
b24157,2.01
b24157,2.06
b34541,1.55
b34541,2.01
b34541,2.06
b34542,1.55
b34542,2.01
b34542,2.06
b34545,1.55
b34545,2.01
b34545,2.06
b19069,1.91
b19071,1.91
g40318,2.31
b39820,2.31
b55237,1.95
5857829226,1.95
b4541,1.42
b4541,1.88
b4541,1.91
g36737,1.42
b12753,1.88
b12753,1.91
b9951,1.88
b9951,1.91
5920428274,2.6
b24280,1.92
b24281,1.92
b18912,1.55
b18912,2.12
b18912,2.21
b42005,0.92
b16655,0.92
b60939,1.15
b60940,1.15
b17220,1.42
b17220,1.88
b17220,1.91
b978,2.14
b47686,2.14
b4995,1.03
b4995,1.24
b4995,1.3
b4994,1.03
b4994,1.24
b4994,1.31
b61631,1.55
b61631,2.01
b61631,2.06
b61632,1.55
b61632,2.01
b61632,2.06
b18886,1.55
b18886,2.08
b18886,2.16
b18887,1.55
b18887,2.09
b18887,2.16
b18898,1.55
b18898,2.1
b18898,2.18
5982129657,2.33
5979429639,2.33
6022828946,1.56
6022828946,2.19
6022828946,2.29
b18941,1.57
b18941,2.19
b18941,2.29
b47666,1.44
b47666,1.87
b47666,1.9
b394,1.72
b29518,1.72
g43124,2.31
g40138,2.31
b18853,1.55
b18853,2.03
b18853,2.08
b18855,1.55
b18855,2.03
b18855,2.08
b4676,1.44
b4676,1.87
b4676,1.9
b4673,1.44
b4673,1.87
b4673,1.9
b60873,1.15
b60874,1.15
b19062,1.43
b19062,1.9
b45444,1.92
b45445,1.92
b4889,1.33
b4889,1.71
b4889,1.75
b17925,1.88
b57500,1.88
b19028,1.64
b19028,2.26
b14324,1.64
b14324,2.26
b60757,2.25
b15824,1.91
b60841,1.91
g34720,1.97
g34723,1.97
b4731,1.91
b22571,1.91
b52575,2.33
b52580,2.33
b13554,1.65
b13555,1.65
b61613,1.97
b61615,1.97
b23885,1.95
b23889,1.95
b56618,1.67
b56616,1.68
b43439,1.68
b43439,2.33
b43440,1.68
b43440,2.33
5973729472,2.33
g44631,2.33
g44631,1.68
g44632,2.33
b14647,2.03
5904428572,2.03
b41086,1.87
b41086,1.9
b41085,1.87
b41085,1.9
b19019,1.63
b19019,2.25
b19021,1.63
b19021,2.25
6063329279,2.24
6053129341,2.24
b18968,2.33
b18968,1.6
b18968,2.23
6059129162,2.33
b60933,1.15
b60934,1.15
5993629800,2.33
b63785,2.23
b59171,1.58
b59172,1.58
b4617,1.42
b4617,1.88
b4617,1.9
b4618,1.42
b4618,1.88
b4618,1.9
b4619,1.42
b4619,1.88
b4619,1.9
5965129301,2.33
5962929303,2.33
b4825,1.5
b4825,1.93
b4825,1.97
b4826,1.5
b4826,1.94
b4826,1.97
g33472,2.19
g33473,2.19
b4857,1.54
b4857,1.99
b4857,2.03
b28551,1.54
b28551,1.99
b28551,2.03
b4796,1.44
b4796,1.87
b4796,1.9
b4795,1.44
b4795,1.87
b4795,1.9
b18967,1.6
b18967,2.23
b18967,2.33
b4601,1.42
b4601,1.88
b4601,1.9
b4600,1.42
b4600,1.88
b4600,1.9
b42550,2.19
b42551,2.19
b5188,0.89
b5188,1.03
b5188,1.1
b5194,0.85
b5194,0.97
b5194,1.04
b5193,0.86
b5193,0.98
b5193,1.05
b60872,1.15
g35776,1.15
b4837,1.55
b4837,1.99
b4837,2.03
b18820,1.57
b18820,2.02
b18820,2.06
b41859,1.66
b41859,2.29
b41861,1.66
b41861,2.3
b19011,1.61
b19011,2.24
b19013,1.62
b19013,2.24
b40571,1.54
b40571,1.98
b40571,2.02
b56325,1.54
b56325,1.98
b56325,2.02
b60931,1.15
g42979,1.15
b45417,1.43
b45417,1.87
b45417,1.9
5839828569,1.43
5839828569,1.87
5839828569,1.9
b60930,1.15
b12326,1.64
b12326,2.26
b18795,1.41
b58961,1.41
b61235,1.63
b18998,2.35
b18999,2.35
b4091,1.45
b4091,1.87
b4091,1.9
b4811,1.45
b4811,1.87
b4811,1.91
b23613,1.43
b23613,1.87
b23613,1.9
b43433,1.68
b43433,2.33
b62314,1.68
b62314,2.33
g40234,1.65
g44010,1.65
b28637,1.91
b28640,1.91
b23283,0.92
b23283,1.08
b23283,1.15
b4968,1.16
b4968,1.44
b4968,1.5
b4965,1.18
b4965,1.46
b4965,1.52
b35248,0.92
b41906,0.92
b28087,2.12
b28087,1.55
b28087,2.06
5932628553,2.12
b24506,1.96
b13649,1.9
b13649,1.42
b13649,1.88
b4729,1.91
b44725,1.65
b10927,1.91
b53877,1.91
b41546,1.34
b41546,1.72
b41546,1.76
b41547,1.34
b41547,1.72
b41547,1.76
b4587,1.42
b4587,1.88
b4587,1.91
b4586,1.42
b4586,1.88
b4586,1.91
g33462,2.19
g33464,2.19
b61695,1.96
b61759,1.96
b18914,1.55
b18914,2.13
b18914,2.21
b16658,0.92
b13923,1.91
b27838,1.91
b12329,1.64
6000729625,2.32
6000729625,1.68
6000229623,2.32
b19002,2.35
b31171,2.35
b4799,1.44
b4802,1.44
b61017,2.6
b13557,1.65
b18934,2.27
b18934,1.56
b18934,2.17
b52170,2.27
b61692,2.31
g43859,2.31
b66412,1.15
b49346,0.92
b55238,1.95
b15828,1.91
b56673,2.33
b60889,2.33
b4656,1.91
b19066,1.91
b11364,0.92
b11364,1.08
b11364,1.15
b11365,0.92
b11365,1.08
b11365,1.15
b54169,1.96
b19043,1.87
b19043,1.44
b19043,1.9
g36732,1.87
b4755,1.9
b13657,1.9
b18928,2.25
b18928,1.56
b18928,2.16
b61732,2.25
b24270,1.92
b24275,1.92
b5218,0.7
b5218,0.77
b5218,0.83
b5213,0.74
b5213,0.81
b5213,0.88
b63377,1.97
b63378,1.97
b47683,2.02
b47683,1.54
b47683,1.98
b26552,2.02
b18830,1.54
b18830,1.99
b18830,2.03
b18831,1.54
b18831,1.99
b18831,2.03
b29963,1.72
b29964,1.72
b61014,2.6
5911428269,2.6
5849828635,1.92
b61623,1.92
b43441,1.68
b43441,2.33
5980529571,2.33
5976529574,2.33
b4873,1.4
b4873,1.78
b4873,1.81
b4872,1.41
b4872,1.79
b4872,1.82
6081129642,1.65
b66452,1.66
b29180,0.92
b29181,0.92
b56614,1.67
b59935,1.67
b14646,2.03
b4668,1.44
b4668,1.87
b4668,1.9
b18836,2
b18836,1.54
b18836,2.04
b62918,2
b17983,1.91
b17986,1.91
b23590,2.06
b23590,1.55
b23590,2.01
b11020,2.06
b62993,1.91
b23862,1.92
b13648,1.42
b13648,1.88
b13648,1.9
b18844,1.55
b18844,2.01
b18844,2.06
b18845,1.55
b18845,2.01
b18845,2.06
b13930,1.91
b43431,1.68
b43431,2.32
b43432,1.68
b43432,2.32
b4828,1.51
b4828,1.95
b4828,1.99
b41878,1.67
b41878,2.32
g33899,1.67
g33899,2.32
5869628416,1.54
5869628416,1.99
5869628416,2.03
b18835,1.54
b18835,2
b18835,2.04
b56943,1.65
b13553,1.65
b41865,1.67
b41865,2.31
6033329564,1.67
b19039,1.44
b19039,1.87
b19039,1.9
b56609,1.67
b17217,1.42
b17217,1.88
b17217,1.91
b17215,1.42
b17215,1.88
b17215,1.91
b56693,1.67
b56691,1.67
b61733,2.25
6010428821,2.25
b59568,1.56
b61607,1.97
b61608,1.97
b19016,1.62
b19016,2.25
b48183,2.31
b48184,2.31
b4815,1.92
5840028380,1.92
b4781,1.44
b4781,1.87
b4781,1.9
b23864,1.92
b23866,1.92
b59108,2.12
b59109,2.12
b5171,0.99
b5171,1.17
b5171,1.24
b4997,1.02
b4997,1.22
b4997,1.29
b43207,1.55
b43207,2.01
b43207,2.06
5944628156,1.15
5944828194,1.15
b56674,2.33
b40194,1.65
b40194,2.27
b55313,2.32
b4606,1.42
b4606,1.88
b4606,1.9
b4607,1.42
b4607,1.88
b4607,1.9
b41907,0.92
5690226990,1.92
b44732,1.65
b56439,1.23
b57664,1.23
6010828954,2.19
6012728993,2.19
b41857,1.66
b41857,2.29
b41858,1.66
b41858,2.29
b33052,1.9
b33052,1.43
b33053,1.9
b48177,2.31
b4632,1.43
b4632,1.87
b4632,1.9
g42959,1.43
g42959,1.87
g42959,1.9
b12331,1.64
b39683,1.64
b18949,1.57
b18949,2.2
b18949,2.31
b18951,1.58
b18951,2.21
b18951,2.31
b19003,2.35
5926527425,1.18
5925727418,1.18
b34546,1.55
b34546,2.01
b34546,2.06
b48056,1.55
b48056,2.01
b48056,2.06
b4808,1.44
b4808,1.87
b4808,1.9
b4713,1.42
b4713,1.88
b4713,1.91
b5220,0.69
b5220,0.75
b5220,0.82
g43860,2.31
b38338,1.44
b41271,1.44
b52857,1.97
b55624,1.97
b4964,1.18
b4964,1.47
b4964,1.53
b18880,1.55
b18880,2.07
b18880,2.14
b18881,1.55
b18881,2.08
b18881,2.14
b51328,2.19
b62291,2.19
b24503,1.95
b18933,1.56
b18933,2.17
b18933,2.27
b23205,1.9
b23205,2.34
b23205,2.39
b23208,2.08
b23208,2.52
b23208,2.57
b18871,1.55
b18871,2.06
b18871,2.12
g33471,2.19
b18859,1.55
b18859,2.04
b18859,2.09
b61747,2.19
b56665,2.33
b63613,2.14
b18948,2.31
b18948,1.57
b18948,2.2
b26698,2.31
b18975,2.33
b18862,2.04
b18862,1.55
b18862,2.1
5918628524,2.04
b392,1.34
b392,1.72
b392,1.76
b30794,1.34
b30794,1.72
b30794,1.76
b4934,1.24
b4934,1.56
b4934,1.62
b60689,1.24
b60689,1.56
b15848,1.91
b15851,1.91
b4709,1.42
b4709,1.88
b4709,1.91
b4708,1.42
b4708,1.88
b4708,1.91
b22564,0.92
b22565,0.92
b60409,2.19
5999228953,2.19
b11368,0.92
b11368,1.08
b11368,1.15
b11418,0.92
b11418,1.08
b11418,1.15
g40998,2.6
g40999,2.6
b24231,1.91
b14650,1.55
b14650,2.01
b14650,2.06
b15823,1.91
b41544,1.34
b41544,1.72
b41544,1.76
b390,1.34
b390,1.72
b390,1.76
b17988,1.91
b11021,2.06
b61249,1.15
b18852,1.55
b18852,2.03
b18852,2.08
b8596,1.43
b8596,1.9
b8596,1.88
b13652,1.43
b13652,1.9
6040129093,2.32
b19060,1.43
b19060,1.87
b19060,1.9
b19061,1.43
b19061,1.87
b19061,1.9
b56662,2.33
5991028755,2.13
b66415,1.15
g36575,1.15
b4725,1.88
b4725,1.91
b4725,1.42
b53093,1.88
b53093,1.91
b46252,1.92
b54183,1.67
b4871,1.41
b4871,1.79
b4871,1.85
b4870,1.41
b4870,1.8
b4870,1.85
b4592,1.42
b4592,1.88
b4592,1.91
b23884,1.95
b52452,1.18
b59816,1.18
b47983,2.11
b47983,2.55
b47983,2.6
b51853,2.13
b51853,2.58
b51853,2.63
5968629350,2.33
b18526,0.88
b38699,0.88
g35564,2.13
b39509,0.92
b39509,1.15
b29178,0.92
b29178,1.15
b66340,2.19
b56472,1.67
b43430,1.68
b43430,2.32
b4651,1.9
b2190,1.91
b14325,1.65
b14325,2.27
b40195,1.65
b40195,2.27
b18987,2.34
6026728746,2.31
6028228756,2.31
6033629640,1.68
6031929620,1.68
b22157,1.15
b36180,1.15
g43189,1.64
g43190,1.64
b18923,1.55
b18923,2.14
b18923,2.23
b23211,2.6
b61011,2.6
b19172,1.87
b13095,1.87
b18828,1.55
b18828,1.99
b18828,2.03
b18829,1.54
b18829,1.99
b18829,2.03
6022628952,2.19
5934528196,1.15
b4813,1.46
b4813,1.88
b4813,1.92
b4817,1.46
b4817,1.89
b4817,1.92
b48181,2.31
5986529689,2.33
b18952,1.58
b18952,2.21
b18952,2.31
b47687,2.14
b8595,1.43
b8595,1.88
b8595,1.9
b55975,1.18
b55976,1.18
b4996,1.02
b4996,1.23
b4996,1.29
b18909,1.55
b18909,2.12
b18909,2.2
b18910,1.55
b18910,2.12
b18910,2.21
b26171,1.96
b19175,1.43
b19175,1.87
b19175,1.9
b19179,1.43
b19179,1.87
b19179,1.9
b5921,1.42
b5921,1.88
b5921,1.91
b4557,1.42
b4557,1.88
b4557,1.91
b54792,1.55
b54794,1.55
b23591,1.55
b23591,2.01
b23591,2.06
b55823,2.31
b18955,2.32
b18955,1.58
b18955,2.21
g42395,2.32
b62292,2.19
b4819,1.47
b4819,1.9
b4819,1.93
g35321,2.33
b57590,2.08
g38450,1.96
g38452,1.96
5931028193,1.15
5931328198,1.15
b32823,1.97
b60870,1.15
b4865,1.42
b4865,1.87
5985329641,2.33
b4885,1.35
b4885,1.73
b4885,1.77
b4881,1.36
b4881,1.75
b4881,1.78
b66603,1.97
b66604,1.97
6011028668,2.31
6005928693,2.31
5929328198,1.15
b24282,1.92
b13220,0.88
b16630,0.88
b60941,1.15
b45838,2.03
b45816,2.03
b41084,1.87
b41084,1.9
b61610,1.97
b61611,1.97
b52585,2.33
g42100,2.33
b18878,1.55
b18878,2.07
b18878,2.14
b18879,1.55
b18879,2.07
b18879,2.14
b43437,1.68
b43437,2.33
b43438,1.68
b43438,2.33
g35130,1.55
5890628219,2.15
5890628219,2.59
5890628219,2.64
5891328219,2.15
5891328219,2.59
5891328219,2.64
g37601,2.33
b4910,1.26
b4910,1.6
b4910,1.65
b4909,1.27
b4909,1.6
b4909,1.65
b4677,1.44
b4677,1.87
b4677,1.9
b4548,1.42
b4548,1.88
b4548,1.91
b4546,1.42
b4546,1.88
b4546,1.91
b4890,1.33
b4890,1.7
b4890,1.74
b4616,1.42
b4616,1.88
b4616,1.9
b24267,1.92
b24268,1.92
b60425,2.04
b60427,2.04
b4823,1.49
b4823,1.92
b4823,1.96
b29538,1.92
b60937,1.15
b60938,1.15
b4791,1.87
b4792,1.87
b18821,1.54
b18821,1.98
b18821,2.03
b61423,1.54
b61423,1.98
b61423,2.03
b28785,2.31
b29850,2.31
b56620,1.67
5968729476,2.33
b38713,1.87
g44633,2.33
5905228274,2.6
b61242,2.12
b19007reg,1.61
b19007reg,2.24
b19009,1.61
b19009,2.24
b4655,1.91
6036529673,1.68
6038329671,1.68
5834128538,1.43
5834128538,1.87
5834128538,1.9
5833428564,1.43
5833428564,1.87
5833428564,1.9
b4760,1.43
b4760,1.87
b4760,1.9
b4759,1.43
b4759,1.87
b4759,1.9
b58808,1.9
b4602,1.42
b4602,1.88
b4602,1.9
b13629,0.83
b13629,0.95
b13629,1.02
b13624,0.84
b13624,0.96
b13624,1.02
5964927408,0.69
5964927408,0.74
5964927408,0.81
g43266,1.42
g43266,1.88
g43266,1.91
b28788,2.31
b28624,2.31
b4797,1.44
b4797,1.87
b4797,1.9
b41879,2.32
b41882,2.32
b52167,1.67
b56608,1.67
b5179,0.94
b5179,1.11
b5179,1.18
b4720,1.88
b4720,1.91
b4721,1.88
b4721,1.91
b52565,2.33
b52568,2.33
b41863,1.66
b41863,2.3
g44474,1.66
b19001,2.35
b23873,1.93
b23875,1.93
b5173,1.23
b5173,0.97
b5173,1.16
b26172,1.96
b4754,1.43
b4754,1.87
b4754,1.9
b12327,1.64
b55830,2.31
b58999,2.31
b19032,1.44
b4798,1.44
5940028185,1.15
5940428202,1.15
b35443,1.92
b52166,1.67
b63690,2.18
b4932,1.25
b4932,1.58
b4932,1.63
b4931,1.25
b4931,1.58
b4931,1.63
b56626,1.67
6023329644,1.67
5931928222,1.15
5933328534,2.12
b17578,1.89
b17578,1.93
b24536,1.89
b24536,1.93
5985429630,2.33
b53878,1.91
b41663,1.65
b61696,1.96
g42775,1.15
g42777,1.15
b18905,1.55
b18905,2.11
b18905,2.2
b18907,1.55
b18907,2.12
b18907,2.2
b61617,1.97
b63376,1.97
b55826,2.31
b55827,2.31
b31172,2.35
b4633,1.43
b4633,1.87
b4633,1.9
g42239,1.43
6086829766,1.65
b4858,1.44
b4858,1.86
b4858,1.89
b66414,1.15
5880927872,1.2
5880927872,1.5
5880927872,1.55
b29190,1.96
b14339,2.03
b14440,2.03
b24369,1.95
b24502,1.95
b60867,1.15
b60868,1.15
b56944,1.65
b60963,2.32
5927328209,1.15
b18810,2.33
b18810,1.84
b18810,2.28
b13658,2.33
5696127014,1.92
b52161,2.27
5851028310,1.49
5851028310,1.93
5851028310,1.96
b18832,1.54
b18832,1.99
b18832,2.03
b55625,1.97
b61609,1.97
b46977,1.67
6072429165,2.34
6072929120,2.34
b56682,2.33
b56684,2.33
b4556,1.42
b4556,1.88
b4556,1.91
b4554,1.42
b4554,1.88
b4554,1.91
b18862reg,1.55
b18862reg,2.04
b18862reg,2.1
b18864,1.55
b18864,2.05
b18864,2.1
b59949,1.91
b46703,1.54
b46703,1.99
b46703,2.03
b4766,1.44
b4766,1.87
b4766,1.9
b23863,1.92
b4608,1.42
b4608,1.88
b4608,1.9
b4901,1.69
b4901,1.3
b4901,1.65
b43090,1.69
b56629,1.67
b56628,1.67
b5209,0.76
b5209,0.85
b5209,0.92
b5207,0.78
b5207,0.87
b5207,0.94
b40187,2.34
b18962,1.59
b18962,2.22
b18962,2.32
b18966,1.6
b18966,2.23
b18966,2.33
b4880,1.36
b4880,1.75
b4880,1.79
b4878,1.37
b4878,1.76
b4878,1.8
b24232,1.91
b24245,1.92
6035229658,1.68
b52168,1.67
b56615,1.68
b52572,2.33
b54079,1.68
b54079,2.33
b42554,2.19
b59569,1.56
b19006,1.6
b19006,2.23
b4814,1.92
b38623,2.35
b62670,2.33
b18947,1.57
b18947,2.2
b18947,2.3
b61219,1.88
5883627823,1.18
5883627823,1.46
5883627823,1.52
b44495,1.91
b49990,1.91
5957328181,1.15
b63784,2.19
b63722,2.19
b28483,2.34
b18954,2.32
b18954,1.58
b18954,2.21
b41872,1.67
b41872,2.31
b43434,2.33
b43434,1.68
b62270,2.33
b18919,1.55
b18919,2.14
b18919,2.23
b18920,1.55
b18920,2.14
b18920,2.23
b16717,1.92
b16718,1.92
b23023,1.91
b23033,1.91
b45837,2.03
b33059,1.9
g42890,1.65
g42960,1.43
g42960,1.87
g42960,1.9
b31195,2.31
b18819,1.6
b18819,2.04
b18819,2.08
b10932,1.91
b11802,1.91
5914928243,2.6
5915328256,2.6
b4990,1.05
b4990,1.28
b4990,1.34
b15844,1.91
b60925,1.15
b60926,1.15
b56671,2.33
b56672,2.33
5997728800,2.14
b4904,1.29
b4904,1.63
b4904,1.68
b57846,1.96
b41464,1.95
b24505,1.96
b23210,2.6
b51854,2.15
b51854,2.59
b51854,2.64
b53380,2.15
b53380,2.59
b53380,2.64
b18847,1.55
b18847,2.02
b18847,2.07
b44433,1.96
b31997,1.96
b19054,1.43
b19054,1.87
b19054,1.9
b19059,1.43
b19059,1.87
b19059,1.9
b44696,1.42
b29176,0.92
b29176,1.15
b61621,1.92
g36562,1.92
5907728254,2.6
5907328241,2.6
b30895,1.54
b30895,1.98
b30895,2.02
b60690,1.24
b60690,1.56
b46978,1.67
b22566,0.92
5999328988,2.19
b66341,2.19
b23878,1.94
b18876,1.55
b18876,2.07
b18876,2.13
b16669,2.03
b14335,2.03
5967328881,2.19
g43791,2.19
b18930,1.56
b18930,2.16
b18930,2.26
b18931,1.56
b18931,2.16
b18931,2.26
b18841,1.55
b18841,2.01
b18841,2.05
b18843,1.55
b18843,2.01
b18843,2.06
g36783,1.67
g36783,2.31
b13654,1.43
b13654,1.9
b56478,1.67
5991829684,2.33
g36578,1.15
6024428774,2.31
6027628794,2.31
b60424,2.04
b19027,1.64
b19027,2.26
g43187,2.19
g43188,2.19
b2630,1.15
b2630,0.92
b2630,1.08
b2632,1.15
b19029,1.64
b19029,2.26
b23871,1.93
b23872,1.93
b61292,2.19
b18917,2.22
b18917,1.55
b18917,2.13
b59923,2.22
b62774,1.61
b29179,0.92
b29179,1.15
b4748,1.43
b4748,1.87
b4748,1.9
b55843,2.31
b42555,2.19
b26168,1.96
b10931,1.91
5988528387,1.15
b54182,1.67
6022929614,1.67
b4599,1.42
b4599,1.88
b4599,1.91
6033328785,2.31
b16719,1.92
b56698,1.67
6009029653,1.67
b5177,0.95
b5177,1.12
b5177,1.19
61616,1.97
b4863,1.42
b4863,1.87
b4863,1.84
b4864,1.42
b4864,1.87
g35497,2.23
g35498,2.23
b66579,1.91
b55824,2.31
b55825,2.31
b59252,2.31
b4561,1.42
b4561,1.88
b4561,1.91
b55239,1.95
g41938,1.72
b35145,1.88
b35145,1.92
b61913,0.92
b61913,1.15
b4832,1.53
b4832,1.97
b4832,2.01
5862928822,1.93
g37451,1.96
b41864,1.66
b41864,2.3
b32783,1.72
b44723,1.65
b15834,1.91
b39624,1.91
b788,1.64
5912527743,0.92
b24264,1.92
b24266,1.92
b18904,1.55
b18904,2.11
b18904,2.19
b15836,1.91
b15842,1.91
5847028098,1.91
b4769,1.44
b4769,1.87
b4769,1.9
b61305,1.29
b4974,1.13
b4974,1.4
b4974,1.46
b4972,1.14
b4972,1.41
b4972,1.47
g43792,2.19
5892428298,2.08
5892428298,2.53
5892428298,2.58
g37601a,2.33
b18846,1.55
b18846,2.02
b18846,2.06
b19052,1.9
b19052,1.43
b19052,1.87
b4650,1.9
b40196,2.27
b40196,1.65
b60848,2.27
b19050,1.43
b19050,1.87
b19050,1.9
b22803,1.91
b38508,1.89
b31291,1.89
b60433,1.65
b4794,1.87
b23877,1.94
b46970,1.67
b56479,1.67
b43436,1.68
b43436,2.33
b51144,1.18
b66284,1.91
5996729809,2.33
b13752,0.88
b19009reg,1.61
b19009reg,2.24
6036929652,1.68
6038829112,2.32
5987528938,2.19
5989528892,2.19
b58809,1.9
6023028772,2.31
b60943,1.15
5939428169,1.15
b5206,0.78
b5206,0.88
b5206,0.95
b5201,0.81
b5201,0.92
b5201,0.99
b4821,1.48
b4821,1.91
b4821,1.95
b63684,2.24
b18826,2.02
g35778,1.15
b60089,1.64
b41884,2.32
b51850,1.02
b51850,1.23
b51850,1.29
g35500,2.23
b55829,2.31
g42728,1.66
g42730,1.66
b62635,1.43
5705227015,1.92
5704827040,1.92
b23416,0.92
b18779,0.92
b36166,1.13
b36166,1.39
b36166,1.45
b60964,2.32
5927628217,1.15
b41467,1.94
b24367,1.95
b4716,1.42
b4716,1.88
b4716,1.91
b56700,1.67
6002628548,2.31
b12330,1.64
g40871,1.64
g40133,1.65
g41556,1.65
b46972,1.67
b46973,1.67
b52165,1.67
b40524,1.54
b40524,1.98
b40524,2.02
g36748,1.42
b54170,1.96
g38451,1.96
b56945,1.65
b61687,2.19
b24257,1.92
b56627,1.67
b63368,2.04
b18957,1.59
b18957,2.22
b18957,2.32
b66479,1.68
b19034,1.44
b19034,1.87
b19034,1.9
b37529,2.34
b56685,2.33
b59433,0.88
b4631,1.43
b4631,1.87
b4631,1.9
b38337,1.44
g35127,1.92
b17577,1.89
b17577,1.93
b61159,1.54
b61159,1.98
b61159,2.03
b43091,1.69
b31458,2.34
b40188,2.34
b41870,1.67
b41870,2.31
b19023,1.64
b19023,2.26
b56475,1.67
b56476,1.67
b60936,1.15
b45836,2.03
b19007,1.61
b19007,2.24
b48187,2.31
b62636,1.43
b39821,2.31
b58749,2.31
b4988,1.06
b4988,1.29
b4988,1.36
b42552,2.19
5938428177,1.15
b60924,1.15
b4538,1.42
b4538,1.88
b4538,1.91
b4900,1.3
b4900,1.66
b4900,1.7
6015529757,1.67
b62271,2.33
b4583,1.42
b4583,1.88
b4583,1.91
b24366,1.94
b24366,1.89
b31906,2.35
b4812,1.45
b4812,1.88
b4812,1.91
g42530,2.27
g42532,2.27
b26920,1.96
g44011,1.65
b18944,1.57
b18944,2.19
b18944,2.3
g36931,1.18
5906427768,1.18
b4970,1.15
b4970,1.43
b4970,1.49
g43863,2.31
5998528541,2.31
b18868,1.55
b18868,2.05
b18868,2.11
b61781,2.32
b61780,2.32
b24364,1.89
b24364,1.94
b24365,1.89
b24365,1.94
g43678,2.32
b27841,1.91
b18840,1.55
b18840,2.01
b18840,2.05
b61689,2.19
b61693,2.31
b63369,2.04
g36566,1.92
b29875,2.06
b46969,1.67
b26279,1.94
b11367,0.92
b11367,1.08
b11367,1.15
b23870,1.93
g40139,2.31
b14326,1.65
b14326,2.27
5967429300,2.33
g35128,1.92
5840528936,1.89
5840528936,1.93
6034729593,1.67
b19047,1.91
b56624,1.67
b10926,1.91
b4877reg,1.4
b4877reg,1.77
b4877reg,1.81
6028029671,1.67
b56683,2.33
b22469,1.88
b22469,1.91
b59351,0.92
b59351,1.15
b13659,2.33
5879728292,2.33
b46196,1.42
b62263,2.19
b48186,2.31
g43135,1.15
5859128387,1.54
5859128387,1.98
5859128387,2.02
b47846,2.35
b19014,1.62
b19014,2.25
71019669_,1.91
g44012,1.65
b57691,1.64
b61016,2.6
g42099,2.33
b27844,1.91
g37520,2.04
b4715,1.42
b4715,1.88
b4715,1.91
6096329368,2.35
5848128103,1.91
5997028812,2.14
b61309,1.29
b18864reg,1.55
b18864reg,2.05
b18864reg,2.1
b18865,1.55
b18865,2.05
b18865,2.11
6056429143,2.33
6059429099,2.33
b56669,2.33
b4829,1.52
b4829,1.95
b4829,1.99
b66281,2.31
b4756,1.9
g35858,1.62
b13623,0.85
b13623,0.97
b13623,1.04
b61252,2.29
5905528285,2.6
b56591,1.54
b56591,1.98
b56591,2.02
5965229354,2.33
b66285,1.91
b28786,2.31
b4630,1.43
b4630,1.87
b4630,1.9
6034528888,2.31
b62315,2.33
g40331,1.43
g40331,1.87
g40331,1.9
b63685,2.24
b56473,1.67
5965127404,0.69
5965127404,0.75
5965127404,0.81
5699326890,1.92
b25707,1.05
5934828209,1.15
b63619,2.33
g36733,1.87
5927928223,1.15
6097229355,2.35
6004628568,2.31
b66480,1.68
g42435,1.18
g42435,1.46
g42435,1.52
5977528949,2.19
g35323,2.33
b17990,1.91
g41826,2.19
b40572,1.54
b40572,1.98
b40572,2.02
g36749,1.42
b24288,1.92
b60770,1.95
b60942,1.15
5919228534,2.04
5845428616,1.92
b29610,1.42
b61293,2.19
b4551,1.42
b4551,1.88
b4551,1.91
b61161,1.54
b61161,1.98
b61161,2.03
b41972,2.19
b4536,1.42
b4536,1.88
b4536,1.91
g62326,1.97
b52275,1.9
b59242,2.31
5939228210,1.15
5988029685,2.33
b63676,2.33
b61748,2.19
b56116,2.31
b31907,2.35
b17991,1.91
g43680,2.32
b56699,1.67
6093229888,1.65
b43441a,2.33
b4872reg,1.41
b4872reg,1.79
b4872reg,1.85
5999729605,2.32
b29921,0.88
5865228330a,1.56
5865228330a,2
5865228330a,2.04
b56622,1.67
b56625,1.67
b4877,1.37
b4877,1.77
b4877,1.8
b59974,1.43
b59974,1.9
b59352,0.92
b59352,1.15
b4870reg,1.42
b4870reg,1.82
b4870reg,1.86
6033928909,2.31
190971043_,1.56
190971043_,2
190971043_,2.04
b10375,0.92
b57592,2.08
x_b13552-a,1.65
x_b34986-c,1.9
x_b45835-b,2.02
x_b50640-a,1.65
x_b4805-c,1.9
x_b4710-a,1.42
x_b4859-a,1.44
x_b4859-b,1.85
x_b4859-c,1.89
x_b41240-a,0.92
x_b55546-c,2.32
x_b18979-c,2.34
x_b4982-b,1.34
x_b18902-a,1.55
x_b2532-a,0.92
x_b47668-a,1.44
x_b47668-b,1.87
x_b47668-c,1.9
x_b4891-c,1.74
x_b18858-b,2.04
x_5851228580-c,1.92
x_b18971-c,2.33
x_b8019-c,2.34
x_b60843-c,1.91
x_b44432-c,1.96
x_b52584-b,2.33
x_b41463-c,1.95
x_5905728658-b,2.03
x_b15821-c,1.91
x_b18850-b,2.02
x_b18866-a,1.55
x_6060229368-b,2.25
x_b52162-a,1.68
x_g43337-a,1.62
x_b18977-c,2.34
x_b18839-b,2
x_b46251-c,1.92
x_b18925-b,2.15
x_b22569-a,0.92
x_b23880-c,1.94
x_b3066-c,1.92
x_b63365-b,2.32
x_b26203-c,2.37
x_b23869-c,1.93
x_b56446-a,0.92
x_b18986-c,2.34
x_b13651-a,1.43
x_6034628876-c,2.31
x_b17575-c,1.92
x_b10925-c,1.91
x_b23406-a,0.92
x_b4594-c,1.9
x_6018228840-c,2.27
x_b5185-c,1.12
x_b48180-c,2.31
x_g35573-a,1.42
x_g35573-b,1.88
x_g35573-c,1.91
x_b59582-c,2.31
x_g33468-b,2.19
x_b4861-b,1.85
x_6000828811-a,1.55
x_b18995-c,2.35
x_g42394-c,2.61
x_b36183-c,1.15
x_b62294-c,1.63
x_g35320-b,2.33
x_g40623-a,1.64
x_b34541-a,1.55
x_b19071-c,1.91
x_b39820-c,2.31
x_5857829226-c,1.95
x_5920428274-c,2.6
x_b24281-c,1.92
x_b18912-b,2.12
x_b60940-c,1.15
x_b4579-a,1.42
x_b4579-c,1.91
x_b4994-a,1.03
x_b61632-a,1.54
x_b61632-b,2.01
x_b61632-c,2.06
x_b18886-b,2.08
x_5979429639-b,2.32
x_b18941-a,1.56
x_g40138-c,2.31
x_b18855-b,2.03
x_b4673-a,1.44
x_b19064-c,1.91
x_b45445-c,1.92
x_b57500-b,1.88
x_b14324-a,1.65
x_b60757-c,2.25
x_g34723-c,1.97
x_b22571-c,1.91
x_b13555-a,1.65
x_b23889-c,1.95
x_b43440-b,2.33
x_5904428572-b,2.03
x_b41085-b,1.86
x_b41085-c,1.9
x_b19021-a,1.63
x_6053129341-b,2.24
x_6059129162-c,2.33
x_b60934-c,1.15
x_5993629800-b,2.33
x_b63785-c,2.23
x_b59172-b,1.57
x_5962929303-b,2.33
x_b4826-b,1.94
x_b4826-c,1.98
x_b28551-b,1.99
x_b28551-c,2.03
x_b4795-c,1.9
x_b5186-b,1.05
x_b5193-b,0.98
x_b41861-b,2.53
x_b56325-a,1.54
x_b56325-b,1.97
x_b56325-c,2.02
x_g42979-c,1.15
x_5839828569-a,1.43
x_5839828569-b,1.87
x_5839828569-c,1.9
x_b60930-c,1.15
x_b58961-a,1.41
x_b61236-c,1.63
x_b18999-c,2.35
x_b4811-a,1.45
x_b4811-b,1.87
x_b37083-b,1.87
x_b4965-b,1.46
x_b41906-a,0.92
x_b24506-c,1.96
x_b4729-c,1.9
x_b41547-b,1.72
x_b4586-a,1.42
x_b61759-c,1.96
x_b18914-a,1.55
x_b16658-a,0.92
x_b27838-c,1.91
x_b12329-a,1.64
x_b4802-a,1.44
x_6084829720-a,1.65
x_b52170-c,2.27
x_b15828-c,1.91
x_b60889-b,2.33
x_b19066-c,1.91
x_b11365-b,1.08
x_b11365-c,1.15
x_b13657-c,1.9
x_b24275-c,1.92
x_b5213-c,0.88
x_b63378-c,1.97
x_b29964-b,1.72
x_5911428269-c,2.6
x_b61623-c,1.92
x_5976529574-b,2.32
x_b66452-a,1.94
x_b29181-a,0.92
x_b59935-a,1.68
x_b14647-b,2.02
x_b4668-a,1.44
x_b62918-b,2
x_b17986-c,1.91
x_b23862-c,1.91
x_b13648-c,1.9
x_b13930-c,1.91
x_b43432-a,1.68
x_b4828-a,1.51
x_g33899-b,2.32
x_5869628416-a,1.54
x_5869628416-b,1.99
x_5869628416-c,2.03
x_b13553-a,1.65
x_b19039-b,1.86
x_b56614-a,1.68
x_b17215-c,1.91
x_b56691-a,1.67
x_6010428821-c,2.25
x_b61608-c,1.97
x_b48184-c,2.31
x_5840028380-c,1.92
x_b60931-c,1.15
x_b4781-c,1.9
x_b59109-b,2.11
x_b4997-a,1.02
x_5944828194-c,1.15
x_b56674-b,2.33
x_b55313-b,2.32
x_b4607-c,1.9
x_b42005-a,0.92
x_b4731-c,1.91
x_b44732-a,1.65
x_b57664-c,1.23
x_6012728993-b,2.19
x_b41858-b,2.29
x_b39683-a,1.64
x_5925727418-c,1.17
x_b48056-a,1.55
x_b48056-b,2.01
x_b48056-c,2.06
x_b4806-b,1.87
x_b4806-c,1.9
x_b4711-b,1.88
x_b5218-b,0.77
x_b55624-c,2.28
x_b4963-c,1.54
x_b18934-b,2.17
x_b61733-c,2.25
x_b56665-b,2.33
x_b63613-c,2.14
x_b18975-c,2.33
x_b30794-a,1.34
x_b30794-b,1.71
x_b30794-c,1.76
x_b60689-b,1.57
x_b15851-c,1.91
x_b4708-a,1.42
x_b22565-a,0.92
x_b11418-b,1.08
x_g40999-c,2.61
x_b14650-c,2.06
x_b15823-c,1.91
x_b390-b,1.72
x_b17988-c,1.9
x_b11021-c,2.06
x_b61249-c,1.15
x_b13652-c,1.9
x_6039329105-c,2.6
x_b46252-c,1.92
x_b19040-c,1.9
x_b56693-a,1.68
x_b4870-b,2.1
x_b4591-a,1.42
x_b4591-b,1.88
x_b4591-c,1.91
x_b23884-c,1.95
x_b59816-a,1.18
x_b51853-a,2.13
x_g35564-b,2.13
x_b29178-a,0.92
x_b43430-b,2.32
x_b18987-c,2.34
x_6031929620-a,1.67
x_b36180-c,1.15
x_g43190-a,1.64
x_b18923-a,1.55
x_b13095-b,1.87
x_b4817-c,1.92
x_b47687-c,2.14
x_b55976-a,1.18
x_b18910-a,1.55
x_b19179-a,1.43
x_b4557-b,1.88
x_b54794-a,1.55
x_b23591-c,2.06
x_b55823-c,2.31
x_b62292-b,2.19
x_b4819-c,1.93
x_g38452-c,1.96
x_b32823-c,1.97
x_b60872-c,1.15
x_b10227-a,1.42
x_b10227-c,1.87
x_5985329641-b,2.33
x_b4881-c,1.79
x_b66604-c,1.97
x_6005928693-c,2.31
x_b24282-c,1.92
x_b4709-a,1.42
x_b45816-b,2.03
x_b41086-b,1.87
x_b41086-c,1.9
x_b61611-c,1.97
x_g35130-a,1.55
x_g37601-b,2.33
x_b18856-b,2.03
x_b4676-a,1.44
x_b56663-b,2.32
x_b4546-b,1.88
x_b4889-b,1.71
x_b18969-c,2.33
x_b24268-c,1.92
x_b60427-b,2.03
x_b60938-c,1.15
x_b4792-b,1.87
x_b29850-c,2.31
x_b24157-c,2.06
x_5968729476-b,2.33
x_b43433-a,1.67
x_5879728292-c,2.33
x_b46196-a,1.42
x_b55975-a,1.18
x_b42554-b,2.18
x_b42556-b,2.19
x_b45417-c,1.9
x_b39822-c,2.31
x_b41868-b,2.31
x_b34546-a,1.55
x_b34546-b,2.01
x_b34546-c,2.06
x_b48186-c,2.31
x_g43135-c,1.15
x_5859128387-a,1.53
x_5859128387-b,1.97
x_5859128387-c,2.01
x_b47846-c,2.34
x_b19014-a,1.62
x_g44012-a,1.65
x_b18947-a,1.57
x_b55826-c,2.31
x_b4974-c,1.46
x_b18901-a,1.55
x_5696127014-c,1.92
x_b57691-a,1.65
x_g42099-b,2.33
x_b62263-b,2.19
x_b27844-c,1.91
x_g37520-b,2.04
x_b4713-b,1.88
x_6096329368-c,2.34
x_b52582-b,2.33
x_b45833-b,2.03
x_b15836-c,1.91
x_b15844-c,1.91
x_5848128103-c,1.91
x_b11368-b,1.08
x_5997028812-b,2.13
x_b61309-a,1.29
x_6059429099-c,2.32
x_b56669-b,2.33
x_b66281-c,2.31
x_b4890-a,1.33
x_b4890-b,1.7
x_b4890-c,1.75
x_b18847-b,2.01
x_b19050-a,1.43
x_b19054-c,1.91
x_b4756-c,1.9
x_b52857-c,1.97
x_g35858-a,1.62
x_b4601-a,1.42
x_b24232-c,1.91
x_b5194-a,0.85
x_5840528936-c,1.93
x_b61252-c,2.84
x_5905528285-c,2.6
x_b23878-c,1.94
x_b56591-b,1.98
x_b56591-c,2.02
x_b38713-b,1.87
x_g44633-b,2.32
x_b61242-b,2.12
x_b19009-a,1.61
x_6038329671-a,1.67
x_b46250-c,1.92
x_g43266-a,1.42
x_g43266-b,1.88
x_g43266-c,1.91
x_b18924-a,1.55
x_b28624-c,2.31
x_b4796-c,1.9
x_b4587-b,1.88
x_b41882-b,2.32
x_b56608-a,1.68
x_b4721-c,1.91
x_b52568-b,2.32
x_g44474-a,1.66
x_b23875-c,1.93
x_g43124-c,2.31
x_b26172-c,1.96
x_b19181-a,1.43
x_b58999-c,2.31
x_b18982-c,2.34
x_5940428202-c,1.15
x_b52167-a,1.67
x_b63690-c,2.18
x_b4931-b,1.58
x_6023329644-a,1.67
x_5931928222-c,1.15
x_5933328534-c,2.13
x_5985429630-b,2.32
x_b53878-c,1.91
x_b41663-a,1.65
x_g42777-c,1.15
x_b55827-c,2.31
x_b31172-c,2.34
x_g42239-a,1.43
x_6086829766-a,1.65
x_b4858-b,1.86
x_b66414-c,1.15
x_b14440-c,2.03
x_b24502-c,1.95
x_b17925-b,1.88
x_b13658-c,2.33
x_b24270-c,1.92
x_b24280-c,1.92
x_b52160-c,2.27
x_5851028310-a,1.49
x_5851028310-b,1.92
x_5851028310-c,1.96
x_b60939-c,1.15
x_b3065-c,1.92
x_b61609-c,1.97
x_b46977-a,1.68
x_6072929120-c,2.33
x_b56684-b,2.33
x_b4554-c,1.91
x_b59949-c,1.91
x_b4656-c,1.9
x_b46703-a,1.55
x_b46703-b,1.99
x_b46703-c,2.03
x_b62993-c,1.91
x_b23863-c,1.92
x_b5207-c,0.94
x_b4878-c,1.8
x_b4878-a,1.37
x_b4878-b,1.76
x_b24245-c,1.91
x_6033629640-a,1.67
x_b56609-a,1.68
x_b56615-a,1.67
x_b17217-b,1.88
x_b59569-a,1.56
x_b4815-c,1.92
x_b18948-a,1.57
x_b61219-b,1.88
x_5883627823-b,1.46
x_b49990-c,1.91
x_5957328181-c,1.15
x_b56675-b,2.33
x_b63722-b,2.18
x_b28483-c,2.33
x_b41874-a,1.67
x_b23033-c,1.91
x_b45838-b,2.03
x_b4787-c,1.9
x_b41859-b,2.3
x_b33059-c,1.9
x_g42890-a,1.64
x_g42960-a,1.43
x_g42960-b,1.87
x_g42960-c,1.9
x_b39817-c,2.31
x_b11802-c,1.91
x_5915328256-c,2.6
x_b4990-b,1.28
x_b60926-c,1.15
x_b56672-b,2.33
x_b57846-c,1.96
x_b4964-b,1.47
x_b18882-b,2.07
x_b24505-c,1.96
x_b18936-a,1.56
x_b18849-b,2.02
x_b31997-c,1.96
x_b19059-a,1.43
x_b19059-c,1.91
x_g36562-c,1.92
x_5907328241-c,2.6
x_b41464-c,1.95
x_b60690-a,1.24
x_6081129642-a,1.65
x_5999328988-b,2.19
x_b66341-b,2.18
x_b23879-c,1.94
x_b18876-a,1.55
x_b14335-c,2.03
x_5967328881-b,2.19
x_b18931-a,1.56
x_b28788-c,2.3
x_b18843-a,1.55
x_g36783-b,2.3
x_b13654-c,1.9
x_b56629-a,1.67
x_b5209-c,0.92
x_5991829684-b,2.33
x_g36578-c,1.15
x_b18830-a,1.54
x_6027628794-c,2.31
x_g43188-b,2.19
x_b12541-a,1.64
x_b23872-c,1.93
x_b59923-c,2.22
x_b62774-a,1.61
x_b29179-a,0.92
x_b29179-c,1.15
x_b23613-b,1.87
x_b55843-c,2.31
x_b42555-b,2.19
x_b26168-c,1.96
x_b10931-c,1.9
x_5988528387-c,1.15
x_6022929614-a,1.67
x_b4598-c,1.91
x_6033328785-c,2.31
x_b36181-c,1.15
x_b16719-c,1.92
x_b61012-c,2.61
x_b13220-c,0.88
x_6009029653-a,1.67
x_b59252-c,2.31
x_b4561-b,1.88
x_b55239-c,1.96
x_g41938-b,1.71
x_b35145-c,1.91
x_5862928822-c,1.93
x_g37451-c,1.96
x_b41865-b,2.3
x_b32783-b,1.72
x_b60873-c,1.15
x_b4885-c,1.77
x_5912527743-a,0.92
x_b15842-c,1.91
x_5847028098-c,1.91
x_b4972-c,1.47
x_b18878-a,1.55
x_b18880-b,2.07
x_g43792-b,2.19
x_b18933-b,2.17
x_b18846-a,1.55
x_b60848-b,2.27
x_b19052-c,1.9
x_b52585-b,2.33
x_b31291-b,1.89
x_b60425-b,2.03
x_b60433-a,1.65
x_b4825-b,1.93
x_b4794-b,1.87
x_b23877-c,1.93
x_b56479-a,1.67
x_b43436-b,2.32
x_b52452-a,1.18
x_5996729809-b,2.33
x_b13752-c,0.88
x_6036929652-a,1.67
x_6038829112-c,2.32
x_b10932-c,1.91
x_5989528892-b,2.19
x_b58809-c,1.9
x_b4606-c,1.91
x_6024428774-c,2.31
x_b4821-b,1.91
x_b18826-c,2.02
x_g35778-c,1.15
x_b60089-a,1.64
x_b41884-b,2.32
x_b5177-b,1.12
x_g35500-c,2.23
x_b41546-b,1.72
x_b19003-c,2.35
x_b55829-c,2.31
x_g42730-a,1.66
x_b62635-a,1.43
x_5704827040-c,1.92
x_b23416-a,0.92
x_b28785-c,2.31
x_b4799-a,1.44
x_b35248-a,0.92
x_b36166-a,1.13
x_b52168-a,1.68
x_b60964-b,2.62
x_g33471-b,2.19
x_5927628217-c,1.15
x_b24367-c,1.94
x_b16709-c,1.92
x_b4716-b,1.88
x_b56700-a,1.67
x_6002628548-c,2.31
x_b4556-a,1.43
x_b4556-b,1.88
x_b4556-c,1.91
x_g40871-a,1.64
x_g41556-a,1.65
x_b46973-a,1.67
x_b52165-a,1.67
x_g36748-a,1.42
x_b54170-c,1.96
x_b14646-b,2.03
x_b60867-c,1.15
x_b60870-c,1.15
x_b17983-c,1.9
x_b56945-a,1.65
x_b4880-c,1.79
x_b24257-c,1.92
x_b18957-a,1.59
x_b29538-c,1.92
x_b66479-a,1.68
x_b19034-a,1.44
x_b19034-b,1.87
x_b19034-c,1.9
x_6072429165-c,2.34
x_b43437-a,1.68
x_b56685-b,2.33
x_b41084-b,1.87
x_b41084-c,1.9
x_b59433-c,0.88
x_b38338-a,1.44
x_b17577-c,1.93
x_b61159-b,1.99
x_b13557-a,1.65
x_b43091-c,1.69
x_b5206-c,0.94
x_b4823-b,1.92
x_b40188-c,2.34
x_b18967-a,1.6
x_b4791-b,1.87
x_b41870-b,2.31
x_b19023-a,1.64
x_b56476-a,1.67
x_b18917-a,1.55
x_b5921-a,1.43
x_b5921-b,1.88
x_b5921-c,1.91
x_b23868-c,1.92
x_b19007-a,1.6
x_b48177-c,2.31
x_b62636-a,1.43
x_b18949-a,1.57
x_b58749-c,2.31
x_b4987-b,1.3
x_b42552-b,2.19
x_b4538-b,1.88
x_b39821-c,2.31
x_b4896-c,1.72
x_b41863-b,2.3
x_6015529757-a,1.67
x_b62271-b,2.33
x_b23205-a,1.9
x_b4583-a,1.42
x_b41467-c,1.94
x_b31906-c,2.35
x_g42532-c,2.27
x_b44433-c,1.96
x_b18944-b,2.2
x_5906427768-a,1.18
x_b4968-b,1.44
x_b15848-c,1.91
x_b19175-a,1.43
x_5998528541-c,2.31
x_b4904-b,1.63
x_b4910-c,1.65
x_b18868-b,2.05
x_b61780-b,2.33
x_b24365-c,1.94
x_g43678-b,2.32
x_b27841-c,1.91
x_b18840-a,1.55
x_b9952-c,1.92
x_b61689-b,2.19
x_b61693-c,2.31
x_b63369-c,2.05
x_g36566-c,1.92
x_b29875-c,2.06
x_b11367-b,1.08
x_b23870-c,1.93
x_g40139-c,2.31
x_b14326-b,2.27
x_b14339-c,2.03
x_g35128-c,1.92
x_b17578-c,1.93
x_b18844-a,1.55
x_6034729593-a,1.66
x_b19047-c,1.9
x_b56624-a,1.67
x_b4873-b,1.78
x_b56698-a,1.67
x_b61617-c,1.97
x_6028029671-a,1.68
x_b19027-a,1.64
x_b19029-a,1.64
x_b60937-c,1.15
x_b56683-b,2.33
x_b12753-c,1.91
x_b23873-c,1.93
x_b51328-b,2.19
x_b43434-b,2.32
x_5965229354-b,2.33
x_b66285-c,1.9
x_b28786-c,2.31
x_b19001-c,2.34
x_b62315-b,2.33
x_b4748-a,1.43
x_b23405-a,0.92
x_b4592-c,1.9
x_6026728746-c,2.31
x_b63685-c,2.24
x_b18828-a,1.55
x_b18828-b,1.99
x_b12331-a,1.65
x_b22157-c,1.15
x_b18989-c,2.63
x_5699326890-c,1.92
x_b25707-a,1.05
x_b54182-a,1.68
x_5934828209-c,1.15
x_b34542-a,1.55
x_b19069-c,1.91
x_g36733-b,1.87
x_b41857-a,1.66
x_5927928223-c,1.15
x_b4715-b,1.88
x_6097229355-c,2.34
x_b56943-a,1.65
x_6004628568-c,2.31
x_b66480-a,1.68
x_b61631-a,1.55
x_g42435-a,1.17
x_g42435-b,1.46
x_g42435-c,1.52
x_b18887-a,1.55
x_5977528949-b,2.19
x_g35323-b,2.33
x_b17990-c,1.91
x_b55625-c,1.97
x_g41826-b,2.19
x_b4832-a,1.53
x_b4832-b,1.97
x_b40572-a,1.54
x_b40572-b,1.97
x_b40572-c,2.02
x_g36931-a,1.18
x_b13932-c,1.91
x_b24288-c,1.92
x_b60770-c,1.95
x_b13554-a,1.65
x_5919228534-b,2.04
x_b56627-a,1.67
x_b394-b,1.72
x_b18962-a,1.59
x_b29610-a,1.43
x_b61293-b,2.19
x_b19019-a,1.63
x_b60933-c,1.15
x_b18853-b,2.03
x_b4631-a,1.43
x_b18930-a,1.56
x_b4754-a,1.43
x_b61161-a,1.54
x_b61161-b,1.98
x_b61161-c,2.02
x_b4599-b,1.88
x_b42550-b,2.19
x_b5188-a,0.89
x_g62326-c,1.97
x_b52575-b,2.33
x_b23885-c,1.95
x_b41872-a,1.67
x_b56475-a,1.67
x_b22469-c,1.91
x_b52275-c,1.9
x_b45837-b,2.03
x_b59242-c,2.31
x_b18998-c,2.35
x_6031828869-c,2.31
x_5939228210-c,1.15
x_b60925-c,1.15
x_5988029685-b,2.32
x_b63676-b,2.33
x_b4900-a,1.3
x_b41864-b,2.3
x_g33462-b,2.19
x_b61748-b,2.19
x_b26920-c,1.96
x_b56116-c,2.31
x_b31907-c,2.34
x_g42530-c,2.27
x_b44495-c,1.91
x_b17991-c,1.91
x_b4970-a,1.15
x_b15824-c,1.91
x_b2526-b,1.08
x_b60890-b,2.33
x_b54079-a,1.67
x_b23211-c,2.6
x_b18871-b,2.06
x_b24364-b,1.89
x_b24366-b,1.89
x_b24366-c,1.94
x_g43680-b,2.32
x_b60943-c,1.15
x_b18841-b,2.01
x_b31195-c,2.31
x_5999729605-b,2.32
x_b29921-c,0.88
x_b60409-b,2.19
x_b46969-a,1.67
x_b46972-a,1.67
x_b4551-a,1.43
x_b23871-c,1.93
x_b13659-c,2.33
x_5865228330a,1.64
x_5865228330a,2.08
x_5865228330a,2.12
x_b18835-a,1.54
x_g36581-c,1.15
x_b56622-a,1.67
x_b56625-a,1.67
x_b59974-a,1.43
x_b59974-c,1.91
x_b19016-a,1.62
x_b48183-c,2.31
x_b23864-c,1.92
x_b59352-a,0.92
x_b59352-c,1.15
x_b5171-b,1.17
x_b4863-b,1.84
x_5880927872-c,1.56
x_b61017-c,2.6
x_b55824-c,2.31
x_6033928909-c,2.31
x_b41972-b,2.19
x_b17220-a,1.42
x_b17220-b,1.88
x_b10375-a,0.92
x_b57592-b,2.08
b51854_sec,2.31
b51854_sec,2.75
b51854_sec,2.8
5890628219_sec,2.27
5890628219_sec,2.71
5890628219_sec,2.76
b4832_sec,2.03
b4832_sec,2.46
b4832_sec,2.5
x_b13552_cust4-a,1.65
x_b13552_cust3-a,1.65
x_b13552_cust2-a,1.65
x_b13552_cust1-a,1.65
x_b34986_cust1-c,1.91
x_b45835_cust2-b,2.03
x_b45835_cust1-b,2.03
x_b50640_cust1-a,1.66
x_b4805_cust6-c,1.9
x_b4805_cust5-c,1.9
x_b4805_cust4-c,1.9
x_b4805_cust3-c,1.9
x_b4805_cust2-c,1.9
x_b4805_cust1-c,1.9
x_b4710_cust1-a,1.43
x_b4859_cust3-a,1.44
x_b4859_cust2-a,1.44
x_b4859_cust1-a,1.44
x_b4859_cust3-b,1.86
x_b4859_cust2-b,1.86
x_b4859_cust1-b,1.86
x_b4859_cust3-c,1.89
x_b4859_cust2-c,1.89
x_b4859_cust1-c,1.89
x_b41240_cust1-a,0.92
x_b55546_cust1-c,2.32
x_b18979_cust2-c,2.34
x_b18979_cust1-c,2.34
x_b4982_cust2-b,1.34
x_b4982_cust1-b,1.34
x_b18902_cust2-a,1.56
x_b18902_cust1-a,1.56
x_b2532_cust1-a,0.92
x_b47668_cust1-a,1.45
x_b47668_cust1-b,1.87
x_b47668_cust1-c,1.9
x_b4891_cust3-c,1.74
x_b4891_cust2-c,1.74
x_b4891_cust1-c,1.74
x_b18858_cust1-b,2.04
x_5851228580_cust1-c,1.92
x_b18971_cust3-c,2.33
x_b18971_cust2-c,2.33
x_b18971_cust1-c,2.33
x_b8019_cust6-c,2.35
x_b8019_cust5-c,2.35
x_b8019_cust4-c,2.35
x_b8019_cust3-c,2.35
x_b8019_cust2-c,2.35
x_b8019_cust1-c,2.35
x_b60843_cust1-c,1.91
x_b44432_cust1-c,1.97
x_b52584_cust1-b,2.33
x_b41463_cust1-c,1.96
x_5905728658_cust1-b,2.03
x_b15821_cust1-c,1.91
x_b18850_cust2-b,2.02
x_b18850_cust1-b,2.02
x_b18866_cust4-a,1.55
x_b18866_cust3-a,1.55
x_b18866_cust2-a,1.55
x_b18866_cust1-a,1.55
x_6060229368_cust1-b,2.25
x_b52162_cust1-a,1.68
x_g43337_cust1-a,1.62
x_b18977_cust3-c,2.34
x_b18977_cust2-c,2.34
x_b18977_cust1-c,2.34
x_b18839_cust1-b,2.01
x_b46251_cust1-c,1.92
x_b18925_cust1-b,2.15
x_b22569_cust1-a,0.92
x_b23880_cust1-c,1.94
x_b3066_cust1-c,1.92
x_b63365_cust1-b,2.33
x_b26203_cust1-c,2.67
x_b23869_cust1-c,1.93
x_b56446_cust1-a,0.92
x_b18986_cust1-c,2.35
x_b13651_cust16-a,1.43
x_b13651_cust15-a,1.43
x_b13651_cust14-a,1.43
x_b13651_cust13-a,1.43
x_b13651_cust12-a,1.43
x_b13651_cust11-a,1.43
x_b13651_cust10-a,1.43
x_b13651_cust9-a,1.43
x_b13651_cust8-a,1.43
x_b13651_cust7-a,1.43
x_b13651_cust6-a,1.43
x_b13651_cust5-a,1.43
x_b13651_cust4-a,1.43
x_b13651_cust3-a,1.43
x_b13651_cust2-a,1.43
x_b13651_cust1-a,1.43
x_6034628876_cust1-c,2.31
x_b17575_cust1-c,1.93
x_b10925_cust3-c,1.91
x_b10925_cust2-c,1.91
x_b10925_cust1-c,1.91
x_b23406_cust1-a,0.92
x_b4594_cust3-c,1.91
x_b4594_cust2-c,1.91
x_b4594_cust1-c,1.91
x_6018228840_cust1-c,2.28
x_b5185_cust1-c,1.13
x_b48180_cust1-c,2.31
x_g35573_cust1-a,1.43
x_g35573_cust1-b,1.89
x_g35573_cust1-c,1.91
x_b59582_cust1-c,2.31
x_g33468_cust1-b,2.2
x_b4861_cust7-b,1.85
x_b4861_cust6-b,1.85
x_b4861_cust5-b,1.85
x_b4861_cust4-b,1.85
x_b4861_cust3-b,1.85
x_b4861_cust2-b,1.85
x_b4861_cust1-b,1.85
x_6000828811_cust1-a,1.56
x_b18995_cust1-c,2.35
x_g42394_cust1-c,2.61
x_b36183_cust1-c,1.15
x_b62294_cust2-c,1.63
x_b62294_cust1-c,1.63
x_g35320_cust1-b,2.34
x_g40623_cust2-a,1.64
x_g40623_cust1-a,1.64
x_b34541_cust1-a,1.55
x_b19071_cust1-c,1.91
x_b39820_cust1-c,2.31
x_5857829226_cust1-c,1.96
x_5920428274_cust1-c,2.61
x_b24281_cust2-c,1.92
x_b24281_cust1-c,1.92
x_b18912_cust1-b,2.13
x_b60940_cust3-c,1.15
x_b60940_cust2-c,1.15
x_b60940_cust1-c,1.15
x_b4579_cust2-a,1.43
x_b4579_cust1-a,1.43
x_b4579_cust2-c,1.91
x_b4579_cust1-c,1.91
x_b4994_cust1-a,1.03
x_b61632_cust1-a,1.56
x_b61632_cust1-b,2.03
x_b61632_cust1-c,2.08
x_b18886_cust1-b,2.09
x_5979429639_cust1-b,2.33
x_b18941_cust3-a,1.57
x_b18941_cust2-a,1.57
x_b18941_cust1-a,1.57
x_g40138_cust1-c,2.31
x_b18855_cust2-b,2.03
x_b18855_cust1-b,2.03
x_b4673_cust1-a,1.44
x_b19064_cust1-c,1.91
x_b45445_cust2-c,1.92
x_b45445_cust1-c,1.92
x_b57500_cust1-b,1.88
x_b14324_cust1-a,1.65
x_b60757_cust1-c,2.25
x_g34723_cust1-c,1.97
x_b22571_cust3-c,1.91
x_b22571_cust2-c,1.91
x_b22571_cust1-c,1.91
x_b13555_cust2-a,1.65
x_b13555_cust1-a,1.65
x_b23889_cust1-c,1.96
x_b43440_cust3-b,2.33
x_b43440_cust2-b,2.33
x_b43440_cust1-b,2.33
x_5904428572_cust2-b,2.03
x_5904428572_cust1-b,2.03
x_b41085_cust1-b,1.87
x_b41085_cust1-c,1.9
x_b19021_cust1-a,1.63
x_6053129341_cust1-b,2.25
x_6059129162_cust1-c,2.33
x_b60934_cust2-c,1.15
x_b60934_cust1-c,1.15
x_5993629800_cust1-b,2.33
x_b63785_cust1-c,2.23
x_b59172_cust1-b,1.58
x_5962929303_cust1-b,2.33
x_b4826_cust1-b,1.94
x_b4826_cust1-c,1.98
x_b28551_cust1-b,1.99
x_b28551_cust1-c,2.03
x_b4795_cust4-c,1.9
x_b4795_cust3-c,1.9
x_b4795_cust2-c,1.9
x_b4795_cust1-c,1.9
x_b5186_cust1-b,1.05
x_b5193_cust2-b,0.99
x_b5193_cust1-b,0.99
x_b41861_cust2-b,2.53
x_b41861_cust1-b,2.7
x_b56325_cust1-a,1.55
x_b56325_cust1-b,2
x_b56325_cust1-c,2.03
x_g42979_cust1-c,1.15
x_5839828569_cust1-a,1.43
x_5839828569_cust1-b,1.88
x_5839828569_cust1-c,1.91
x_b60930_cust1-c,1.15
x_b58961_cust2-a,1.41
x_b58961_cust1-a,1.41
x_b61236_cust1-c,1.64
x_b18999_cust1-c,2.35
x_b4811_cust4-a,1.45
x_b4811_cust3-a,1.45
x_b4811_cust2-a,1.45
x_b4811_cust1-a,1.45
x_b4811_cust4-b,1.87
x_b4811_cust3-b,1.87
x_b4811_cust2-b,1.87
x_b4811_cust1-b,1.87
x_b37083_cust1-b,1.88
x_b4965_cust1-b,1.47
x_b41906_cust1-a,0.92
x_b24506_cust2-c,1.96
x_b24506_cust1-c,1.96
x_b4729_cust2-c,1.91
x_b4729_cust1-c,1.91
x_b41547_cust1-b,1.72
x_b4586_cust2-a,1.42
x_b4586_cust1-a,1.42
x_b61759_cust2-c,1.96
x_b61759_cust1-c,1.96
x_b18914_cust1-a,1.56
x_b16658_cust1-a,0.92
x_b27838_cust1-c,1.91
x_b12329_cust2-a,1.65
x_b12329_cust1-a,1.65
x_b4802_cust8-a,1.44
x_b4802_cust7-a,1.44
x_b4802_cust6-a,1.44
x_b4802_cust5-a,1.44
x_b4802_cust4-a,1.44
x_b4802_cust3-a,1.44
x_b4802_cust2-a,1.44
x_b4802_cust1-a,1.44
x_6084829720_cust1-a,1.65
x_b52170_cust1-c,2.28
x_b15828_cust1-c,1.91
x_b60889_cust1-b,2.33
x_b19066_cust4-c,1.91
x_b19066_cust3-c,1.91
x_b19066_cust2-c,1.91
x_b19066_cust1-c,1.91
x_b11365_cust1-b,1.08
x_b11365_cust1-c,1.15
x_b13657_cust3-c,1.9
x_b13657_cust2-c,1.9
x_b13657_cust1-c,1.9
x_b24275_cust8-c,1.92
x_b24275_cust7-c,1.92
x_b24275_cust6-c,1.92
x_b24275_cust5-c,1.92
x_b24275_cust4-c,1.92
x_b24275_cust3-c,1.92
x_b24275_cust2-c,1.92
x_b24275_cust1-c,1.92
x_b5213_cust1-c,0.88
x_b63378_cust1-c,1.97
x_b29964_cust1-b,1.72
x_5911428269_cust1-c,2.61
x_b61623_cust1-c,1.92
x_5976529574_cust1-b,2.33
x_b66452_cust2-a,1.95
x_b66452_cust1-a,2.16
x_b29181_cust1-a,0.92
x_b59935_cust2-a,1.68
x_b59935_cust1-a,1.68
x_b14647_cust4-b,2.02
x_b14647_cust3-b,2.02
x_b14647_cust2-b,2.02
x_b14647_cust1-b,2.02
x_b4668_cust12-a,1.44
x_b4668_cust11-a,1.44
x_b4668_cust10-a,1.44
x_b4668_cust9-a,1.44
x_b4668_cust8-a,1.44
x_b4668_cust7-a,1.44
x_b4668_cust6-a,1.44
x_b4668_cust5-a,1.44
x_b4668_cust4-a,1.44
x_b4668_cust3-a,1.44
x_b4668_cust2-a,1.44
x_b4668_cust1-a,1.44
x_b62918_cust1-b,2
x_b17986_cust2-c,1.91
x_b17986_cust1-c,1.91
x_b23862_cust1-c,1.92
x_b13648_cust5-c,1.91
x_b13648_cust4-c,1.91
x_b13648_cust3-c,1.91
x_b13648_cust2-c,1.91
x_b13648_cust1-c,1.91
x_b13930_cust2-c,1.91
x_b13930_cust1-c,1.91
x_b43432_cust1-a,1.68
x_b4828_cust2-a,1.51
x_b4828_cust1-a,1.51
x_g33899_cust1-b,2.33
x_5869628416_cust1-a,1.55
x_5869628416_cust1-b,2
x_5869628416_cust1-c,2.04
x_b13553_cust1-a,1.65
x_b19039_cust1-b,1.87
x_b56614_cust1-a,1.68
x_b17215_cust1-c,1.91
x_b56691_cust1-a,1.68
x_6010428821_cust1-c,2.25
x_b61608_cust1-c,1.97
x_b48184_cust2-c,2.31
x_b48184_cust1-c,2.31
x_5840028380_cust1-c,1.92
x_b60931_cust1-c,1.15
x_b4781_cust6-c,1.9
x_b4781_cust5-c,1.9
x_b4781_cust4-c,1.9
x_b4781_cust3-c,1.9
x_b4781_cust2-c,1.9
x_b4781_cust1-c,1.9
x_b59109_cust1-b,2.12
x_b4997_cust1-a,1.02
x_5944828194_cust1-c,1.15
x_b56674_cust1-b,2.33
x_b55313_cust2-b,2.33
x_b55313_cust1-b,2.33
x_b4607_cust2-c,1.91
x_b4607_cust1-c,1.91
x_b42005_cust1-a,0.92
x_b4731_cust3-c,1.91
x_b4731_cust2-c,1.91
x_b4731_cust1-c,1.91
x_b44732_cust1-a,1.66
x_b57664_cust1-c,1.23
x_6012728993_cust1-b,2.2
x_b41858_cust1-b,2.3
x_b39683_cust1-a,1.65
x_5925727418_cust2-c,1.18
x_5925727418_cust1-c,1.18
x_b48056_cust1-a,1.55
x_b48056_cust1-b,2.02
x_b48056_cust1-c,2.07
x_b4806_cust2-b,1.87
x_b4806_cust1-b,1.87
x_b4806_cust2-c,1.9
x_b4806_cust1-c,1.9
x_b4711_cust4-b,1.88
x_b4711_cust3-b,1.88
x_b4711_cust2-b,1.88
x_b4711_cust1-b,1.88
x_b5218_cust1-b,0.77
x_b55624_cust2-c,2.29
x_b55624_cust1-c,2.51
x_b4963_cust2-c,1.54
x_b4963_cust1-c,1.54
x_b18934_cust2-b,2.18
x_b18934_cust1-b,2.18
x_b61733_cust2-c,2.25
x_b61733_cust1-c,2.25
x_b56665_cust2-b,2.33
x_b56665_cust1-b,2.33
x_b63613_cust1-c,2.14
x_b18975_cust1-c,2.34
x_b30794_cust1-a,1.34
x_b30794_cust1-b,1.72
x_b30794_cust1-c,1.76
x_b60689_cust1-b,1.57
x_b15851_cust1-c,1.91
x_b4708_cust4-a,1.42
x_b4708_cust3-a,1.42
x_b4708_cust2-a,1.42
x_b4708_cust1-a,1.42
x_b22565_cust2-a,0.92
x_b22565_cust1-a,0.92
x_b11418_cust5-b,1.08
x_b11418_cust4-b,1.08
x_b11418_cust3-b,1.08
x_b11418_cust2-b,1.08
x_b11418_cust1-b,1.08
x_g40999_cust1-c,2.61
x_b14650_cust2-c,2.06
x_b14650_cust1-c,2.06
x_b15823_cust1-c,1.91
x_b390_cust2-b,1.72
x_b390_cust1-b,1.72
x_b17988_cust3-c,1.91
x_b17988_cust2-c,1.91
x_b17988_cust1-c,1.91
x_b11021_cust1-c,2.07
x_b61249_cust1-c,1.15
x_b13652_cust4-c,1.9
x_b13652_cust3-c,1.9
x_b13652_cust2-c,1.9
x_b13652_cust1-c,1.9
x_6039329105_cust2-c,2.6
x_6039329105_cust1-c,2.81
x_b46252_cust3-c,1.92
x_b46252_cust2-c,1.92
x_b46252_cust1-c,1.92
x_b19040_cust1-c,1.9
x_b56693_cust2-a,1.68
x_b56693_cust1-a,1.68
x_b4870_cust11-b,2.1
x_b4870_cust10-b,2.1
x_b4870_cust9-b,2.1
x_b4870_cust8-b,2.1
x_b4870_cust7-b,2.1
x_b4870_cust6-b,2.1
x_b4870_cust5-b,2.1
x_b4870_cust4-b,2.1
x_b4870_cust3-b,2.1
x_b4870_cust2-b,2.1
x_b4870_cust1-b,2.32
x_b4591_cust1-a,1.43
x_b4591_cust1-b,1.89
x_b4591_cust1-c,1.91
x_b23884_cust1-c,1.95
x_b59816_cust2-a,1.18
x_b59816_cust1-a,1.18
x_b51853_cust1-a,2.14
x_g35564_cust1-b,2.13
x_b29178_cust1-a,0.92
x_b43430_cust1-b,2.33
x_b18987_cust4-c,2.34
x_b18987_cust3-c,2.34
x_b18987_cust2-c,2.34
x_b18987_cust1-c,2.34
x_6031929620_cust1-a,1.68
x_b36180_cust1-c,1.15
x_g43190_cust3-a,1.64
x_g43190_cust2-a,1.64
x_g43190_cust1-a,1.64
x_b18923_cust1-a,1.56
x_b13095_cust1-b,1.87
x_b4817_cust7-c,1.92
x_b4817_cust6-c,1.92
x_b4817_cust5-c,1.92
x_b4817_cust4-c,1.92
x_b4817_cust3-c,1.92
x_b4817_cust2-c,1.92
x_b4817_cust1-c,1.92
x_b47687_cust2-c,2.14
x_b47687_cust1-c,2.14
x_b55976_cust2-a,1.18
x_b55976_cust1-a,1.18
x_b18910_cust1-a,1.56
x_b19179_cust1-a,1.44
x_b4557_cust1-b,1.88
x_b54794_cust1-a,1.56
x_b23591_cust4-c,2.06
x_b23591_cust3-c,2.06
x_b23591_cust2-c,2.06
x_b23591_cust1-c,2.06
x_b55823_cust1-c,2.31
x_b62292_cust2-b,2.19
x_b62292_cust1-b,2.19
x_b4819_cust7-c,1.93
x_b4819_cust6-c,1.93
x_b4819_cust5-c,1.93
x_b4819_cust4-c,1.93
x_b4819_cust3-c,1.93
x_b4819_cust2-c,1.93
x_b4819_cust1-c,1.93
x_g38452_cust1-c,1.97
x_b32823_cust2-c,1.97
x_b32823_cust1-c,1.97
x_b60872_cust1-c,1.15
x_b10227_cust2-a,1.42
x_b10227_cust1-a,1.42
x_b10227_cust2-c,1.87
x_b10227_cust1-c,1.87
x_5985329641_cust1-b,2.33
x_b4881_cust2-c,1.79
x_b4881_cust1-c,1.79
x_b66604_cust2-c,1.97
x_b66604_cust1-c,1.97
x_6005928693_cust1-c,2.32
x_b24282_cust1-c,1.92
x_b4709_cust5-a,1.42
x_b4709_cust4-a,1.42
x_b4709_cust3-a,1.42
x_b4709_cust2-a,1.42
x_b4709_cust1-a,1.42
x_b45816_cust1-b,2.03
x_b41086_cust1-b,1.87
x_b41086_cust1-c,1.9
x_b61611_cust1-c,1.97
x_g35130_cust1-a,1.56
x_5891328219_cust1,2.28
x_5891328219_cust1,2.72
x_5891328219_cust1,2.77
x_g37601_cust1-b,2.33
x_b18856_cust2-b,2.04
x_b18856_cust1-b,2.04
x_b4676_cust6-a,1.44
x_b4676_cust5-a,1.44
x_b4676_cust4-a,1.44
x_b4676_cust3-a,1.44
x_b4676_cust2-a,1.44
x_b4676_cust1-a,1.44
x_b56663_cust1-b,2.33
x_b4546_cust2-b,1.88
x_b4546_cust1-b,1.88
x_b4889_cust4-b,1.71
x_b4889_cust3-b,1.71
x_b4889_cust2-b,1.71
x_b4889_cust1-b,1.71
x_b18969_cust1-c,2.33
x_b24268_cust3-c,1.92
x_b24268_cust2-c,1.92
x_b24268_cust1-c,1.92
x_b60427_cust1-b,2.04
x_b60938_cust1-c,1.15
x_b4792_cust4-b,1.87
x_b4792_cust3-b,1.87
x_b4792_cust2-b,1.87
x_b4792_cust1-b,1.87
x_b29850_cust1-c,2.31
x_b24157_cust1-c,2.06
x_5968729476_cust1-b,2.33
x_b38713_cust1-b,1.88
x_g44633_cust1-b,2.33
x_b61242_cust1-b,2.12
x_b19009_cust1-a,1.61
x_6038329671_cust2-a,1.67
x_6038329671_cust1-a,1.67
x_5833428564_cust1-a,2.03
x_5833428564_cust1-b,2.47
x_5833428564_cust1-c,2.5
x_b46250_cust1-c,1.92
x_g43266_cust1-a,1.43
x_g43266_cust1-b,1.89
x_g43266_cust1-c,1.91
x_b18924_cust1-a,1.56
x_b28624_cust1-c,2.31
x_b4796_cust3-c,1.9
x_b4796_cust2-c,1.9
x_b4796_cust1-c,1.9
x_b4587_cust3-b,1.88
x_b4587_cust2-b,1.88
x_b4587_cust1-b,1.88
x_b41882_cust2-b,2.32
x_b41882_cust1-b,2.32
x_b56608_cust1-a,1.68
x_b4721_cust8-c,1.91
x_b4721_cust7-c,1.91
x_b4721_cust6-c,1.91
x_b4721_cust5-c,1.91
x_b4721_cust4-c,1.91
x_b4721_cust3-c,1.91
x_b4721_cust2-c,1.91
x_b4721_cust1-c,1.91
x_b52568_cust1-b,2.33
x_g44474_cust1-a,1.67
x_b23875_cust1-c,1.94
x_g43124_cust1-c,2.31
x_b26172_cust6-c,1.96
x_b26172_cust5-c,1.96
x_b26172_cust4-c,1.96
x_b26172_cust3-c,1.96
x_b26172_cust2-c,1.96
x_b26172_cust1-c,1.96
x_b19181_cust3-a,1.43
x_b19181_cust2-a,1.43
x_b19181_cust1-a,1.43
x_b58999_cust1-c,2.31
x_b18982_cust2-c,2.34
x_b18982_cust1-c,2.34
x_5940428202_cust1-c,1.15
x_b52167_cust1-a,1.68
x_b63690_cust1-c,2.18
x_b4931_cust2-b,1.58
x_b4931_cust1-b,1.58
x_6023329644_cust1-a,1.68
x_5931928222_cust1-c,1.15
x_5933328534_cust1-c,2.13
x_5985429630_cust1-b,2.33
x_b53878_cust1-c,1.91
x_b41663_cust2-a,1.66
x_b41663_cust1-a,1.66
x_g42777_cust1-c,1.15
x_b55827_cust1-c,2.31
x_b31172_cust3-c,2.35
x_b31172_cust2-c,2.35
x_b31172_cust1-c,2.35
x_g42239_cust5-a,1.43
x_g42239_cust4-a,1.43
x_g42239_cust3-a,1.43
x_g42239_cust2-a,1.43
x_g42239_cust1-a,1.43
x_6086829766_cust1-a,1.66
x_b4858_cust5-b,1.86
x_b4858_cust4-b,1.86
x_b4858_cust3-b,1.86
x_b4858_cust2-b,1.86
x_b4858_cust1-b,1.86
x_b66414_cust1-c,1.15
x_b14440_cust1-c,2.03
x_b24502_cust2-c,1.95
x_b24502_cust1-c,1.95
x_b17925_cust1-b,1.88
x_b13658_cust1-c,2.33
x_b24270_cust6-c,1.92
x_b24270_cust5-c,1.92
x_b24270_cust4-c,1.92
x_b24270_cust3-c,1.92
x_b24270_cust2-c,1.92
x_b24270_cust1-c,1.92
x_b24280_cust4-c,1.92
x_b24280_cust3-c,1.92
x_b24280_cust2-c,1.92
x_b24280_cust1-c,1.92
x_b52160_cust1-c,2.28
x_5851028310_cust1-a,1.5
x_5851028310_cust1-b,1.93
x_5851028310_cust1-c,1.97
x_b60939_cust3-c,1.15
x_b60939_cust2-c,1.15
x_b60939_cust1-c,1.15
x_b3065_cust4-c,1.92
x_b3065_cust3-c,1.92
x_b3065_cust2-c,1.92
x_b3065_cust1-c,1.92
x_b61609_cust1-c,1.97
x_b46977_cust1-a,1.68
x_6072929120_cust2-c,2.34
x_6072929120_cust1-c,2.34
x_b56684_cust2-b,2.33
x_b56684_cust1-b,2.33
x_b4554_cust2-c,1.91
x_b4554_cust1-c,1.91
x_b59949_cust1-c,1.92
x_b4656_cust2-c,1.91
x_b4656_cust1-c,1.91
x_b46703_cust1-a,1.55
x_b46703_cust1-b,1.99
x_b46703_cust1-c,2.03
x_b62993_cust7-c,1.91
x_b62993_cust6-c,1.91
x_b62993_cust5-c,1.91
x_b62993_cust4-c,1.91
x_b62993_cust3-c,1.91
x_b62993_cust2-c,1.91
x_b62993_cust1-c,1.91
x_b23863_cust2-c,1.92
x_b23863_cust1-c,1.92
x_b5207_cust3-c,0.94
x_b5207_cust2-c,0.94
x_b5207_cust1-c,0.94
x_b4878_cust1-c,1.8
x_b4878_cust1-a,1.37
x_b4878_cust1-b,1.77
x_b24245_cust1-c,1.92
x_6033629640_cust1-a,1.68
x_b56609_cust1-a,1.68
x_b56615_cust2-a,1.67
x_b56615_cust1-a,1.67
x_b17217_cust1-b,1.88
x_b59569_cust1-a,1.57
x_b4815_cust6-c,1.92
x_b4815_cust5-c,1.92
x_b4815_cust4-c,1.92
x_b4815_cust3-c,1.92
x_b4815_cust2-c,1.92
x_b4815_cust1-c,1.92
x_b18948_cust1-a,1.58
x_b61219_cust1-b,1.88
x_5883627823_cust1-b,1.47
x_b49990_cust1-c,1.91
x_5957328181_cust1-c,1.15
x_b56675_cust1-b,2.33
x_b63722_cust2-b,2.19
x_b63722_cust1-b,2.19
x_b28483_cust1-c,2.34
x_b41874_cust1-a,1.68
x_b23033_cust1-c,1.92
x_b45838_cust1-b,2.03
x_b4787_cust1-c,1.9
x_b41859_cust2-b,2.3
x_b41859_cust1-b,2.3
x_b33059_cust1-c,1.91
x_g42890_cust1-a,1.65
x_g42960_cust1-a,1.44
x_g42960_cust1-b,1.88
x_g42960_cust1-c,1.91
x_b39817_cust1-c,2.31
x_b11802_cust1-c,1.91
x_5915328256_cust1-c,2.61
x_b4990_cust1-b,1.28
x_b60926_cust1-c,1.15
x_b56672_cust1-b,2.33
x_b57846_cust1-c,1.96
x_b4964_cust1-b,1.47
x_b18882_cust1-b,2.08
x_b24505_cust4-c,1.96
x_b24505_cust3-c,1.96
x_b24505_cust2-c,1.96
x_b24505_cust1-c,1.96
x_b18936_cust1-a,1.56
x_b53380_cust1,2.31
x_b53380_cust1,2.76
x_b53380_cust1,2.81
x_b18849_cust2-b,2.02
x_b18849_cust1-b,2.02
x_b31997_cust1-c,1.97
x_b19059_cust2-a,1.44
x_b19059_cust1-a,1.44
x_b19059_cust2-c,1.91
x_b19059_cust1-c,1.91
x_g36562_cust3-c,1.92
x_g36562_cust2-c,1.92
x_g36562_cust1-c,1.92
x_5907328241_cust1-c,2.61
x_b41464_cust2-c,1.95
x_b41464_cust1-c,1.95
x_b60690_cust1-a,1.24
x_6081129642_cust1-a,1.66
x_5999328988_cust1-b,2.2
x_b66341_cust1-b,2.19
x_b23879_cust1-c,1.94
x_b18876_cust2-a,1.55
x_b18876_cust1-a,1.55
x_b14335_cust1-c,2.03
x_5967328881_cust1-b,2.19
x_b18931_cust1-a,1.56
x_b28788_cust1-c,2.31
x_b18843_cust2-a,1.55
x_b18843_cust1-a,1.55
x_g36783_cust2-b,2.31
x_g36783_cust1-b,2.31
x_b13654_cust11-c,1.9
x_b13654_cust10-c,1.9
x_b13654_cust9-c,1.9
x_b13654_cust8-c,1.9
x_b13654_cust7-c,1.9
x_b13654_cust6-c,1.9
x_b13654_cust5-c,1.9
x_b13654_cust4-c,1.9
x_b13654_cust3-c,1.9
x_b13654_cust2-c,1.9
x_b13654_cust1-c,1.9
x_b56629_cust1-a,1.68
x_b5209_cust5-c,0.92
x_b5209_cust4-c,0.92
x_b5209_cust3-c,0.92
x_b5209_cust2-c,0.92
x_b5209_cust1-c,0.92
x_5991829684_cust1-b,2.33
x_g36578_cust1-c,1.15
x_b18830_cust1-a,1.55
x_6027628794_cust1-c,2.32
x_g43188_cust1-b,2.19
x_b12541_cust1-a,1.65
x_b23872_cust1-c,1.93
x_b59923_cust1-c,2.23
x_b62774_cust1-a,1.62
x_b29179_cust1-a,0.92
x_b29179_cust1-c,1.15
x_b23613_cust3-b,1.88
x_b23613_cust2-b,1.88
x_b23613_cust1-b,1.88
x_b55843_cust1-c,2.31
x_b42555_cust1-b,2.19
x_b26168_cust1-c,1.96
x_b10931_cust1-c,1.91
x_5988528387_cust1-c,1.15
x_6022929614_cust1-a,1.68
x_b4598_cust2-c,1.91
x_b4598_cust1-c,1.91
x_6033328785_cust2-c,2.31
x_6033328785_cust1-c,2.31
x_b36181_cust1-c,1.15
x_b16719_cust1-c,1.92
x_b61012_cust1-c,2.61
x_b13220_cust1-c,0.88
x_6009029653_cust1-a,1.68
x_b59252_cust1-c,2.31
x_b4561_cust6-b,1.88
x_b4561_cust5-b,1.88
x_b4561_cust4-b,1.88
x_b4561_cust3-b,1.88
x_b4561_cust2-b,1.88
x_b4561_cust1-b,1.88
x_b55239_cust1-c,1.96
x_g41938_cust3-b,1.72
x_g41938_cust2-b,1.72
x_g41938_cust1-b,1.72
x_b35145_cust4-c,1.91
x_b35145_cust3-c,1.91
x_b35145_cust2-c,1.91
x_b35145_cust1-c,1.91
x_5862928822_cust1-c,1.93
x_g37451_cust1-c,1.97
x_b41865_cust1-b,2.31
x_b32783_cust1-b,1.72
x_b60873_cust1-c,1.15
x_b4885_cust4-c,1.77
x_b4885_cust3-c,1.77
x_b4885_cust2-c,1.77
x_b4885_cust1-c,1.77
x_5912527743_cust1-a,0.93
x_b15842_cust1-c,1.92
x_5847028098_cust2-c,1.91
x_5847028098_cust1-c,1.91
x_b4972_cust2-c,1.47
x_b4972_cust1-c,1.47
x_b18878_cust2-a,1.55
x_b18878_cust1-a,1.55
x_b18880_cust1-b,2.08
x_g43792_cust1-b,2.19
x_b18933_cust1-b,2.17
x_b18846_cust1-a,1.55
x_b60848_cust1-b,2.28
x_b19052_cust1-c,1.91
x_b52585_cust1-b,2.33
x_b31291_cust1-b,1.89
x_b60425_cust1-b,2.04
x_b60433_cust1-a,1.65
x_b4825_cust2-b,1.93
x_b4825_cust1-b,1.93
x_b4794_cust3-b,1.87
x_b4794_cust2-b,1.87
x_b4794_cust1-b,1.87
x_b23877_cust1-c,1.94
x_b56479_cust1-a,1.68
x_b43436_cust2-b,2.33
x_b43436_cust1-b,2.33
x_b52452_cust1-a,1.18
x_5996729809_cust1-b,2.33
x_b13752_cust1-c,0.88
x_6036929652_cust1-a,1.68
x_6038829112_cust1-c,2.33
x_b10932_cust3-c,1.91
x_b10932_cust2-c,1.91
x_b10932_cust1-c,1.91
x_5989528892_cust1-b,2.19
x_b58809_cust1-c,1.9
x_b4606_cust2-c,1.91
x_b4606_cust1-c,1.91
x_6024428774_cust1-c,2.31
x_b4821_cust4-b,1.91
x_b4821_cust3-b,1.91
x_b4821_cust2-b,1.91
x_b4821_cust1-b,1.91
x_b18826_cust1-c,2.02
x_g35778_cust2-c,1.15
x_g35778_cust1-c,1.15
x_b60089_cust1-a,1.65
x_b41884_cust1-b,2.33
x_b5177_cust1-b,1.13
x_g35500_cust1-c,2.23
x_b41546_cust1-b,1.72
x_b19003_cust1-c,2.35
x_b55829_cust1-c,2.31
x_g42730_cust1-a,1.67
x_b62635_cust1-a,1.44
x_5704827040_cust1-c,1.92
x_b23416_cust1-a,0.92
x_b28785_cust2-c,2.31
x_b28785_cust1-c,2.31
x_b4799_cust3-a,1.44
x_b4799_cust2-a,1.44
x_b4799_cust1-a,1.44
x_b35248_cust1-a,0.92
x_b36166_cust1-a,1.13
x_b52168_cust1-a,1.68
x_b60964_cust1-b,2.83
x_g33471_cust1-b,2.21
x_5927628217_cust1-c,1.15
x_b24367_cust3-c,1.95
x_b24367_cust2-c,1.95
x_b24367_cust1-c,1.95
x_b16709_cust1-c,1.92
x_b4716_cust9-b,1.88
x_b4716_cust8-b,1.88
x_b4716_cust7-b,1.88
x_b4716_cust6-b,1.88
x_b4716_cust5-b,1.88
x_b4716_cust4-b,1.88
x_b4716_cust3-b,1.88
x_b4716_cust2-b,1.88
x_b4716_cust1-b,1.88
x_b56700_cust1-a,1.68
x_6002628548_cust1-c,2.31
x_b4556_cust1-a,1.43
x_b4556_cust1-b,1.89
x_b4556_cust1-c,1.91
x_g40871_cust1-a,1.65
x_g41556_cust1-a,1.66
x_b46973_cust2-a,1.67
x_b46973_cust1-a,1.67
x_b52165_cust3-a,1.67
x_b52165_cust2-a,1.67
x_b52165_cust1-a,1.67
x_g36748_cust1-a,1.43
x_b54170_cust1-c,1.97
x_b14646_cust1-b,2.03
x_b60867_cust1-c,1.15
x_b60870_cust2-c,1.15
x_b60870_cust1-c,1.15
x_b17983_cust1-c,1.91
x_b56945_cust1-a,1.65
x_b4880_cust5-c,1.79
x_b4880_cust4-c,1.79
x_b4880_cust3-c,1.79
x_b4880_cust2-c,1.79
x_b4880_cust1-c,1.79
x_b24257_cust1-c,1.92
x_b18957_cust1-a,1.59
x_b29538_cust1-c,1.92
x_b66479_cust2-a,1.68
x_b66479_cust1-a,1.68
x_b19034_cust2-a,1.44
x_b19034_cust1-a,1.44
x_b19034_cust2-b,1.87
x_b19034_cust1-b,1.87
x_b19034_cust2-c,1.9
x_b19034_cust1-c,1.9
x_6072429165_cust1-c,2.34
x_b43437_cust2-a,1.68
x_b43437_cust1-a,1.68
x_b56685_cust1-b,2.33
x_b41084_cust1-b,1.87
x_b41084_cust1-c,1.9
x_b59433_cust2-c,0.88
x_b59433_cust1-c,0.88
x_b38338_cust2-a,1.44
x_b38338_cust1-a,1.44
x_b17577_cust2-c,1.93
x_b17577_cust1-c,1.93
x_b61159_cust1-b,1.99
x_b13557_cust2-a,1.66
x_b13557_cust1-a,1.66
x_b43091_cust1-c,1.7
x_b5206_cust2-c,0.95
x_b5206_cust1-c,0.95
x_b4823_cust6-b,1.92
x_b4823_cust5-b,1.92
x_b4823_cust4-b,1.92
x_b4823_cust3-b,1.92
x_b4823_cust2-b,1.92
x_b4823_cust1-b,1.92
x_b40188_cust3-c,2.34
x_b40188_cust2-c,2.34
x_b40188_cust1-c,2.34
x_b18967_cust2-a,1.6
x_b18967_cust1-a,1.6
x_b4791_cust6-b,1.87
x_b4791_cust5-b,1.87
x_b4791_cust4-b,1.87
x_b4791_cust3-b,1.87
x_b4791_cust2-b,1.87
x_b4791_cust1-b,1.87
x_b41870_cust1-b,2.32
x_b19023_cust1-a,1.64
x_b56476_cust2-a,1.67
x_b56476_cust1-a,1.67
x_b18917_cust1-a,1.56
x_b5921_cust1-a,1.43
x_b5921_cust1-b,1.89
x_b5921_cust1-c,1.91
x_b23868_cust1-c,1.93
x_b19007_cust2-a,1.61
x_b19007_cust1-a,1.61
x_b48177_cust1-c,2.31
x_b62636_cust1-a,1.44
x_b18949_cust2-a,1.57
x_b18949_cust1-a,1.57
x_b58749_cust2-c,2.31
x_b58749_cust1-c,2.31
x_b4987_cust2-b,1.3
x_b4987_cust1-b,1.3
x_b42552_cust1-b,2.19
x_b4538_cust1-b,1.88
x_b39821_cust2-c,2.31
x_b39821_cust1-c,2.31
x_b4896_cust6-c,1.72
x_b4896_cust5-c,1.72
x_b4896_cust4-c,1.72
x_b4896_cust3-c,1.72
x_b4896_cust2-c,1.72
x_b4896_cust1-c,1.72
x_b41863_cust1-b,2.31
x_6015529757_cust1-a,1.68
x_b62271_cust1-b,2.33
x_b23205_cust1-a,1.9
x_b4583_cust5-a,1.42
x_b4583_cust4-a,1.42
x_b4583_cust3-a,1.42
x_b4583_cust2-a,1.42
x_b4583_cust1-a,1.42
x_b41467_cust3-c,1.94
x_b41467_cust2-c,1.94
x_b41467_cust1-c,1.94
x_b31906_cust4-c,2.35
x_b31906_cust3-c,2.35
x_b31906_cust2-c,2.35
x_b31906_cust1-c,2.35
x_g42532_cust3-c,2.28
x_g42532_cust2-c,2.28
x_g42532_cust1-c,2.28
x_b44433_cust3-c,1.96
x_b44433_cust2-c,1.96
x_b44433_cust1-c,1.96
x_b18944_cust1-b,2.2
x_5906427768_cust1-a,1.18
x_b4968_cust3-b,1.44
x_b4968_cust2-b,1.44
x_b4968_cust1-b,1.44
x_b15848_cust1-c,1.91
x_b19175_cust3-a,1.43
x_b19175_cust2-a,1.43
x_b19175_cust1-a,1.43
x_5998528541_cust1-c,2.31
x_b4904_cust8-b,1.63
x_b4904_cust7-b,1.63
x_b4904_cust6-b,1.63
x_b4904_cust5-b,1.63
x_b4904_cust4-b,1.63
x_b4904_cust3-b,1.63
x_b4904_cust2-b,1.63
x_b4904_cust1-b,1.63
x_b4910_cust3-c,1.65
x_b4910_cust2-c,1.65
x_b4910_cust1-c,1.65
x_b18868_cust1-b,2.06
x_b61780_cust1-b,2.33
x_b24365_cust1-c,1.95
x_g43678_cust1-b,2.33
x_b27841_cust1-c,1.91
x_b18840_cust1-a,1.55
x_b9952_cust1-c,1.92
x_b61689_cust2-b,2.19
x_b61689_cust1-b,2.19
x_b61693_cust1-c,2.31
x_b63369_cust1-c,2.05
x_g36566_cust1-c,1.92
x_b29875_cust2-c,2.06
x_b29875_cust1-c,2.06
x_b11367_cust1-b,1.08
x_b23870_cust1-c,1.93
x_g40139_cust1-c,2.31
x_b14326_cust3-b,2.27
x_b14326_cust2-b,2.27
x_b14326_cust1-b,2.27
x_b14339_cust2-c,2.03
x_b14339_cust1-c,2.03
x_g35128_cust1-c,1.93
x_b17578_cust2-c,1.93
x_b17578_cust1-c,1.93
x_b18844_cust1-a,1.55
x_6034729593_cust1-a,1.67
x_b19047_cust5-c,1.9
x_b19047_cust4-c,1.9
x_b19047_cust3-c,1.9
x_b19047_cust2-c,1.9
x_b19047_cust1-c,1.9
x_b56624_cust1-a,1.68
x_b4873_cust3-b,1.78
x_b4873_cust2-b,1.78
x_b4873_cust1-b,1.78
x_b56698_cust2-a,1.67
x_b56698_cust1-a,1.67
x_b61617_cust2-c,1.97
x_b61617_cust1-c,1.97
x_6028029671_cust1-a,1.68
x_b19027_cust2-a,1.64
x_b19027_cust1-a,1.64
x_b19029_cust1-a,1.65
x_b60937_cust1-c,1.15
x_b56683_cust1-b,2.33
x_b12753_cust1-c,1.92
x_b23873_cust1-c,1.93
x_b51328_cust1-b,2.19
x_b43433_cust1-a,1.68
x_5879728292_cust1-c,2.33
x_b46196_cust6-a,1.42
x_b46196_cust5-a,1.42
x_b46196_cust4-a,1.42
x_b46196_cust3-a,1.42
x_b46196_cust2-a,1.42
x_b46196_cust1-a,1.42
x_b55975_cust1-a,1.18
x_b42554_cust1-b,2.19
x_b42556_cust1-b,2.19
x_b45417_cust2-c,1.9
x_b45417_cust1-c,1.9
x_b39822_cust1-c,2.31
x_b41868_cust1-b,2.32
x_b34546_cust1-a,1.55
x_b34546_cust1-b,2.02
x_b34546_cust1-c,2.07
x_b48186_cust1-c,2.31
x_g43135_cust1-c,1.15
x_5859128387_cust1-a,1.55
x_5859128387_cust1-b,1.99
x_5859128387_cust1-c,2.03
x_b47846_cust1-c,2.35
x_b19014_cust2-a,1.62
x_b19014_cust1-a,1.62
x_g44012_cust1-a,1.66
x_b18947_cust3-a,1.57
x_b18947_cust2-a,1.57
x_b18947_cust1-a,1.57
x_b55826_cust1-c,2.31
x_b4974_cust1-c,1.46
x_b18901_cust2-a,1.56
x_b18901_cust1-a,1.56
x_5696127014_cust1-c,1.92
x_b57691_cust1-a,1.65
x_g42099_cust1-b,2.33
x_b62263_cust2-b,2.19
x_b62263_cust1-b,2.19
x_b27844_cust2-c,1.91
x_b27844_cust1-c,1.91
x_g37520_cust2-b,2.04
x_g37520_cust1-b,2.04
x_b4713_cust1-b,1.88
x_6096329368_cust1-c,2.35
x_b52582_cust1-b,2.33
x_b45833_cust1-b,2.03
x_b15836_cust1-c,1.91
x_b15844_cust1-c,1.92
x_5848128103_cust1-c,1.91
x_b11368_cust2-b,1.08
x_b11368_cust1-b,1.08
x_5997028812_cust2-b,2.14
x_5997028812_cust1-b,2.14
x_b61309_cust1-a,1.29
x_6059429099_cust1-c,2.33
x_b56669_cust3-b,2.33
x_b56669_cust2-b,2.33
x_b56669_cust1-b,2.33
x_b66281_cust2-c,2.31
x_b66281_cust1-c,2.31
x_b4890_cust1-a,1.33
x_b4890_cust1-b,1.71
x_b4890_cust1-c,1.75
x_b18847_cust5-b,2.02
x_b18847_cust4-b,2.02
x_b18847_cust3-b,2.02
x_b18847_cust2-b,2.02
x_b18847_cust1-b,2.02
x_b19050_cust3-a,1.43
x_b19050_cust2-a,1.43
x_b19050_cust1-a,1.43
x_b19054_cust5-c,1.91
x_b19054_cust4-c,1.91
x_b19054_cust3-c,1.91
x_b19054_cust2-c,1.91
x_b19054_cust1-c,1.91
x_b4756_cust1-c,1.9
x_b52857_cust1-c,1.97
x_g35858_cust1-a,1.62
x_b4601_cust2-a,1.42
x_b4601_cust1-a,1.42
x_b24232_cust2-c,1.91
x_b24232_cust1-c,1.91
x_b5194_cust1-a,0.85
x_5840528936_cust1-c,1.93
x_b61252_cust1-c,3.1
x_5905528285_cust1-c,2.61
x_b23878_cust2-c,1.94
x_b23878_cust1-c,1.94
x_b56591_cust1-b,1.98
x_b56591_cust1-c,2.02
x_b43434_cust1-b,2.33
x_5965229354_cust1-b,2.33
x_b66285_cust1-c,1.91
x_b28786_cust1-c,2.31
x_b19001_cust2-c,2.35
x_b19001_cust1-c,2.35
x_b62315_cust1-b,2.33
x_b4748_cust1-a,1.43
x_b23405_cust1-a,0.92
x_b4592_cust3-c,1.9
x_b4592_cust2-c,1.9
x_b4592_cust1-c,1.9
x_6026728746_cust1-c,2.31
x_b63685_cust1-c,2.24
x_b18828_cust1-a,1.55
x_b18828_cust1-b,1.99
x_b12331_cust4-a,1.65
x_b12331_cust3-a,1.65
x_b12331_cust2-a,1.65
x_b12331_cust1-a,1.65
x_b22157_cust3-c,1.15
x_b22157_cust2-c,1.15
x_b22157_cust1-c,1.15
x_b18989_cust3-c,2.63
x_b18989_cust2-c,2.63
x_b18989_cust1-c,2.84
x_5699326890_cust2-c,1.92
x_5699326890_cust1-c,1.92
x_b25707_cust1-a,1.05
x_b54182_cust1-a,1.68
x_5934828209_cust1-c,1.15
x_b34542_cust1-a,1.55
x_b19069_cust4-c,1.91
x_b19069_cust3-c,1.91
x_b19069_cust2-c,1.91
x_b19069_cust1-c,1.91
x_g36733_cust1-b,1.87
x_b41857_cust3-a,1.66
x_b41857_cust2-a,1.66
x_b41857_cust1-a,1.66
x_5927928223_cust1-c,1.15
x_b4715_cust6-b,1.88
x_b4715_cust5-b,1.88
x_b4715_cust4-b,1.88
x_b4715_cust3-b,1.88
x_b4715_cust2-b,1.88
x_b4715_cust1-b,1.88
x_6097229355_cust1-c,2.35
x_b56943_cust1-a,1.65
x_6004628568_cust1-c,2.31
x_b66480_cust2-a,1.68
x_b66480_cust1-a,1.68
x_b61631_cust1-a,1.55
x_g42435_cust1-a,1.18
x_g42435_cust1-b,1.47
x_g42435_cust1-c,1.52
x_b18887_cust2-a,1.55
x_b18887_cust1-a,1.55
x_5977528949_cust1-b,2.19
x_g35323_cust1-b,2.34
x_b17990_cust1-c,1.91
x_b55625_cust2-c,1.97
x_b55625_cust1-c,1.97
x_g41826_cust1-b,2.19
x_b4832_cust2-a,1.53
x_b4832_cust1-a,1.53
x_b4832_cust2-b,1.97
x_b4832_cust1-b,1.97
x_b40572_cust1-a,1.55
x_b40572_cust1-b,2
x_b40572_cust1-c,2.03
x_g36931_cust1-a,1.18
x_b13932_cust1-c,1.91
x_b24288_cust7-c,1.92
x_b24288_cust6-c,1.92
x_b24288_cust5-c,1.92
x_b24288_cust4-c,1.92
x_b24288_cust3-c,1.92
x_b24288_cust2-c,1.92
x_b24288_cust1-c,1.92
x_b60770_cust1-c,1.95
x_b13554_cust1-a,1.65
x_5919228534_cust3-b,2.04
x_5919228534_cust2-b,2.04
x_5919228534_cust1-b,2.04
x_b56627_cust2-a,1.67
x_b56627_cust1-a,1.67
x_b394_cust4-b,1.72
x_b394_cust3-b,1.72
x_b394_cust2-b,1.72
x_b394_cust1-b,1.72
x_b18962_cust2-a,1.6
x_b18962_cust1-a,1.6
x_b29610_cust1-a,1.43
x_b61293_cust3-b,2.19
x_b61293_cust2-b,2.19
x_b61293_cust1-b,2.19
x_b19019_cust1-a,1.63
x_b60933_cust2-c,1.15
x_b60933_cust1-c,1.15
x_b18853_cust2-b,2.03
x_b18853_cust1-b,2.03
x_b4631_cust1-a,1.44
x_b18930_cust4-a,1.56
x_b18930_cust3-a,1.56
x_b18930_cust2-a,1.56
x_b18930_cust1-a,1.56
x_b4754_cust4-a,1.43
x_b4754_cust3-a,1.43
x_b4754_cust2-a,1.43
x_b4754_cust1-a,1.43
x_b61161_cust1-a,1.55
x_b61161_cust1-b,2
x_b61161_cust1-c,2.04
x_b4599_cust2-b,1.88
x_b4599_cust1-b,1.88
x_b42550_cust1-b,2.19
x_b5188_cust2-a,0.89
x_b5188_cust1-a,0.89
x_g62326_cust1-c,1.97
x_b52575_cust1-b,2.33
x_b23885_cust1-c,1.95
x_b41872_cust2-a,1.67
x_b41872_cust1-a,1.67
x_b56475_cust2-a,1.67
x_b56475_cust1-a,1.67
x_b22469_cust3-c,1.91
x_b22469_cust2-c,1.91
x_b22469_cust1-c,1.91
x_b52275_cust2-c,1.9
x_b52275_cust1-c,1.9
x_b45837_cust1-b,2.03
x_b59242_cust1-c,2.31
x_b18998_cust3-c,2.35
x_b18998_cust2-c,2.35
x_b18998_cust1-c,2.35
x_6031828869_cust1-c,2.31
x_5939228210_cust1-c,1.15
x_b60925_cust2-c,1.15
x_b60925_cust1-c,1.15
x_5988029685_cust1-b,2.33
x_b63676_cust1-b,2.33
x_b4900_cust1-a,1.3
x_b41864_cust1-b,2.31
x_g33462_cust1-b,2.19
x_b61748_cust2-b,2.19
x_b61748_cust1-b,2.19
x_b26920_cust2-c,1.97
x_b26920_cust1-c,1.97
x_b56116_cust1-c,2.31
x_b31907_cust1-c,2.35
x_g42530_cust1-c,2.28
x_b44495_cust1-c,1.91
x_b17991_cust2-c,1.91
x_b17991_cust1-c,1.91
x_b4970_cust1-a,1.16
x_b15824_cust1-c,1.91
x_b2526_cust3-b,1.08
x_b2526_cust2-b,1.08
x_b2526_cust1-b,1.08
x_b60890_cust1-b,2.33
x_b54079_cust1-a,1.68
x_b23211_cust4-c,2.6
x_b23211_cust3-c,2.6
x_b23211_cust2-c,2.6
x_b23211_cust1-c,2.6
x_b18871_cust1-b,2.06
x_b24364_cust1-b,1.89
x_b24366_cust2-b,1.89
x_b24366_cust1-b,1.89
x_b24366_cust2-c,1.94
x_b24366_cust1-c,1.94
x_g43680_cust1-b,2.33
x_b60943_cust1-c,1.15
x_b18841_cust1-b,2.01
x_b31195_cust3-c,2.31
x_b31195_cust2-c,2.31
x_b31195_cust1-c,2.31
x_5999729605_cust1-b,2.33
x_b29921_cust1-c,0.88
x_b60409_cust1-b,2.19
x_b46969_cust1-a,1.68
x_b46972_cust1-a,1.68
x_b4551_cust1-a,1.43
x_b23871_cust1-c,1.93
x_b13659_cust1-c,2.33
x_5865228330a_cust1,1.67
x_5865228330a_cust1,2.06
x_5865228330a_cust1,2.13
x_b18835_cust1-a,1.55
x_g36581_cust1-c,1.15
x_b56622_cust3-a,1.67
x_b56622_cust2-a,1.67
x_b56622_cust1-a,1.67
x_b56625_cust1-a,1.68
x_b59974_cust1-a,1.44
x_b59974_cust1-c,1.91
x_b19016_cust2-a,1.62
x_b19016_cust1-a,1.62
x_b48183_cust1-c,2.31
x_b23864_cust1-c,1.92
x_b59352_cust1-a,0.92
x_b59352_cust1-c,1.15
x_b5171_cust2-b,1.17
x_b5171_cust1-b,1.17
x_b4863_cust3-b,1.84
x_b4863_cust2-b,1.84
x_b4863_cust1-b,1.84
x_5880927872_cust1-c,1.56
x_b61017_cust2-c,2.61
x_b61017_cust1-c,2.61
x_b55824_cust1-c,2.31
x_6033928909_cust1-c,2.31
x_b41972_cust1-b,2.19
x_b17220_cust1-a,1.43
x_b17220_cust1-b,1.88
x_b10375_cust1-a,0.92
x_b57592_cust1-b,2.09
